,left,right
0,0,4
1,1,4
2,2,4
3,3,4
4,0,5
5,1,5
6,2,5
7,3,5
8,0,6
9,1,6
10,2,6
11,3,6
12,0,7
13,1,7
14,2,7
15,3,7
16,4,12
17,8,12
18,9,12
19,10,12
20,11,12
21,5,13
22,8,13
23,9,13
24,10,13
25,11,13
26,6,14
27,8,14
28,9,14
29,10,14
30,11,14
31,7,15
32,8,15
33,9,15
34,10,15
35,11,15
36,12,20
37,16,20
38,17,20
39,18,20
40,19,20
41,13,21
42,16,21
43,17,21
44,18,21
45,19,21
46,16,22
47,17,22
48,18,22
49,19,22
50,15,23
51,16,23
52,17,23
53,18,23
54,19,23
55,20,28
56,24,28
57,25,28
58,26,28
59,27,28
60,21,29
61,24,29
62,25,29
63,26,29
64,27,29
65,22,30
66,24,30
67,25,30
68,26,30
69,27,30
70,23,31
71,24,31
72,25,31
73,26,31
74,27,31
75,28,36
76,32,36
77,33,36
78,34,36
79,35,36
80,29,37
81,32,37
82,33,37
83,34,37
84,35,37
85,30,38
86,32,38
87,33,38
88,34,38
89,35,38
90,31,39
91,32,39
92,33,39
93,34,39
94,35,39
95,36,43
96,40,43
97,41,43
98,42,43
99,37,44
100,40,44
101,41,44
102,42,44
103,39,45
104,40,45
105,41,45
106,42,45
107,43,50
108,46,50
109,47,50
110,48,50
111,49,50
112,44,51
113,46,51
114,47,51
115,48,51
116,49,51
117,46,52
118,47,52
119,48,52
120,49,52
121,45,53
122,46,53
123,47,53
124,48,53
125,49,53
126,50,58
127,54,58
128,55,58
129,56,58
130,57,58
131,51,59
132,54,59
133,55,59
134,56,59
135,57,59
136,52,60
137,54,60
138,55,60
139,56,60
140,57,60
141,53,61
142,54,61
143,55,61
144,56,61
145,57,61
146,58,66
147,62,66
148,63,66
149,64,66
150,65,66
151,59,67
152,62,67
153,63,67
154,64,67
155,65,67
156,60,68
157,62,68
158,63,68
159,64,68
160,65,68
161,61,69
162,62,69
163,63,69
164,64,69
165,65,69
166,66,74
167,70,74
168,71,74
169,72,74
170,73,74
171,67,75
172,70,75
173,71,75
174,72,75
175,73,75
176,68,76
177,70,76
178,71,76
179,72,76
180,73,76
181,69,77
182,70,77
183,71,77
184,72,77
185,73,77
186,74,82
187,78,82
188,79,82
189,80,82
190,81,82
191,75,83
192,78,83
193,79,83
194,80,83
195,81,83
196,76,84
197,78,84
198,79,84
199,80,84
200,81,84
201,77,85
202,78,85
203,79,85
204,80,85
205,81,85
206,82,90
207,86,90
208,87,90
209,88,90
210,89,90
211,83,91
212,86,91
213,87,91
214,88,91
215,89,91
216,84,92
217,86,92
218,87,92
219,88,92
220,89,92
221,85,93
222,86,93
223,87,93
224,88,93
225,89,93
226,90,98
227,94,98
228,95,98
229,96,98
230,97,98
231,91,99
232,94,99
233,95,99
234,96,99
235,97,99
236,92,100
237,94,100
238,95,100
239,96,100
240,97,100
241,93,101
242,94,101
243,95,101
244,96,101
245,97,101
246,98,106
247,102,106
248,103,106
249,104,106
250,105,106
251,99,107
252,102,107
253,103,107
254,104,107
255,105,107
256,100,108
257,102,108
258,103,108
259,104,108
260,105,108
261,101,109
262,102,109
263,103,109
264,104,109
265,105,109
266,106,114
267,110,114
268,111,114
269,112,114
270,113,114
271,107,115
272,110,115
273,111,115
274,112,115
275,113,115
276,108,116
277,110,116
278,111,116
279,112,116
280,113,116
281,109,117
282,110,117
283,111,117
284,112,117
285,113,117
286,114,122
287,118,122
288,119,122
289,120,122
290,121,122
291,115,123
292,118,123
293,119,123
294,120,123
295,121,123
296,116,124
297,118,124
298,119,124
299,120,124
300,121,124
301,117,125
302,118,125
303,119,125
304,120,125
305,121,125
306,0,126
307,1,127
308,2,128
309,3,129
310,126,130
311,127,130
312,128,130
313,129,130
314,126,131
315,127,131
316,128,131
317,129,131
318,126,132
319,127,132
320,128,132
321,129,132
322,126,133
323,127,133
324,128,133
325,129,133
326,8,134
327,9,135
328,10,136
329,11,137
330,130,138
331,134,138
332,135,138
333,136,138
334,137,138
335,131,139
336,134,139
337,135,139
338,136,139
339,137,139
340,132,140
341,134,140
342,135,140
343,136,140
344,137,140
345,133,141
346,134,141
347,135,141
348,136,141
349,137,141
350,16,142
351,17,143
352,18,144
353,19,145
354,138,146
355,142,146
356,143,146
357,144,146
358,145,146
359,139,147
360,142,147
361,143,147
362,144,147
363,145,147
364,140,148
365,142,148
366,143,148
367,144,148
368,145,148
369,141,149
370,142,149
371,143,149
372,144,149
373,145,149
374,24,150
375,25,151
376,26,152
377,27,153
378,146,154
379,150,154
380,151,154
381,152,154
382,153,154
383,147,155
384,150,155
385,151,155
386,152,155
387,153,155
388,148,156
389,150,156
390,151,156
391,152,156
392,153,156
393,149,157
394,150,157
395,151,157
396,152,157
397,153,157
398,32,158
399,33,159
400,34,160
401,35,161
402,154,162
403,158,162
404,159,162
405,160,162
406,161,162
407,155,163
408,158,163
409,159,163
410,160,163
411,161,163
412,156,164
413,158,164
414,159,164
415,160,164
416,161,164
417,157,165
418,158,165
419,159,165
420,160,165
421,161,165
422,40,166
423,41,167
424,42,168
425,162,170
426,166,170
427,167,170
428,168,170
429,169,170
430,163,171
431,166,171
432,167,171
433,168,171
434,169,171
435,164,172
436,166,172
437,167,172
438,168,172
439,169,172
440,165,173
441,166,173
442,167,173
443,168,173
444,169,173
445,46,174
446,47,175
447,48,176
448,49,177
449,170,178
450,174,178
451,175,178
452,176,178
453,177,178
454,171,179
455,174,179
456,175,179
457,176,179
458,177,179
459,172,180
460,174,180
461,175,180
462,176,180
463,177,180
464,173,181
465,174,181
466,175,181
467,176,181
468,177,181
469,54,182
470,55,183
471,56,184
472,57,185
473,178,186
474,182,186
475,183,186
476,184,186
477,185,186
478,179,187
479,182,187
480,183,187
481,184,187
482,185,187
483,180,188
484,182,188
485,183,188
486,184,188
487,185,188
488,181,189
489,182,189
490,183,189
491,184,189
492,185,189
493,62,190
494,63,191
495,64,192
496,65,193
497,186,194
498,190,194
499,191,194
500,192,194
501,193,194
502,187,195
503,190,195
504,191,195
505,192,195
506,193,195
507,188,196
508,190,196
509,191,196
510,192,196
511,193,196
512,189,197
513,190,197
514,191,197
515,192,197
516,193,197
517,70,198
518,71,199
519,72,200
520,73,201
521,194,202
522,198,202
523,199,202
524,200,202
525,201,202
526,195,203
527,198,203
528,199,203
529,200,203
530,201,203
531,196,204
532,198,204
533,199,204
534,200,204
535,201,204
536,197,205
537,198,205
538,199,205
539,200,205
540,201,205
541,78,206
542,79,207
543,80,208
544,81,209
545,202,210
546,206,210
547,207,210
548,208,210
549,209,210
550,203,211
551,206,211
552,207,211
553,208,211
554,209,211
555,204,212
556,206,212
557,207,212
558,208,212
559,209,212
560,205,213
561,206,213
562,207,213
563,208,213
564,209,213
565,86,214
566,87,215
567,88,216
568,89,217
569,210,218
570,214,218
571,215,218
572,216,218
573,217,218
574,211,219
575,214,219
576,215,219
577,216,219
578,217,219
579,212,220
580,214,220
581,215,220
582,216,220
583,217,220
584,213,221
585,214,221
586,215,221
587,216,221
588,217,221
589,94,222
590,95,223
591,96,224
592,97,225
593,218,226
594,222,226
595,223,226
596,224,226
597,225,226
598,219,227
599,222,227
600,223,227
601,224,227
602,225,227
603,220,228
604,222,228
605,223,228
606,224,228
607,225,228
608,221,229
609,222,229
610,223,229
611,224,229
612,225,229
613,102,230
614,103,231
615,104,232
616,105,233
617,226,234
618,230,234
619,231,234
620,232,234
621,233,234
622,227,235
623,230,235
624,231,235
625,232,235
626,233,235
627,228,236
628,230,236
629,231,236
630,232,236
631,233,236
632,229,237
633,230,237
634,231,237
635,232,237
636,233,237
637,110,238
638,111,239
639,112,240
640,113,241
641,234,242
642,238,242
643,239,242
644,240,242
645,241,242
646,235,243
647,238,243
648,239,243
649,240,243
650,241,243
651,236,244
652,238,244
653,239,244
654,240,244
655,241,244
656,237,245
657,238,245
658,239,245
659,240,245
660,241,245
661,118,246
662,119,247
663,120,248
664,121,249
665,242,250
666,246,250
667,247,250
668,248,250
669,249,250
670,243,251
671,246,251
672,247,251
673,248,251
674,249,251
675,244,252
676,246,252
677,247,252
678,248,252
679,249,252
680,245,253
681,246,253
682,247,253
683,248,253
684,249,253
685,126,254
686,127,255
687,128,256
688,129,257
689,254,258
690,255,258
691,256,258
692,257,258
693,254,259
694,255,259
695,256,259
696,257,259
697,254,260
698,255,260
699,256,260
700,257,260
701,254,261
702,255,261
703,256,261
704,257,261
705,134,262
706,135,263
707,136,264
708,137,265
709,258,266
710,262,266
711,263,266
712,264,266
713,265,266
714,259,267
715,262,267
716,263,267
717,264,267
718,265,267
719,260,268
720,262,268
721,263,268
722,264,268
723,265,268
724,261,269
725,262,269
726,263,269
727,264,269
728,265,269
729,142,270
730,143,271
731,144,272
732,145,273
733,266,274
734,270,274
735,271,274
736,272,274
737,273,274
738,267,275
739,270,275
740,271,275
741,272,275
742,273,275
743,268,276
744,270,276
745,271,276
746,272,276
747,273,276
748,269,277
749,270,277
750,271,277
751,272,277
752,273,277
753,150,278
754,151,279
755,152,280
756,153,281
757,274,282
758,278,282
759,279,282
760,280,282
761,281,282
762,275,283
763,278,283
764,279,283
765,280,283
766,281,283
767,276,284
768,278,284
769,279,284
770,280,284
771,281,284
772,277,285
773,278,285
774,279,285
775,280,285
776,281,285
777,158,286
778,159,287
779,160,288
780,161,289
781,282,290
782,286,290
783,287,290
784,288,290
785,289,290
786,283,291
787,286,291
788,287,291
789,288,291
790,289,291
791,284,292
792,286,292
793,287,292
794,288,292
795,289,292
796,285,293
797,286,293
798,287,293
799,288,293
800,289,293
801,166,294
802,167,295
803,168,296
804,169,297
805,290,298
806,294,298
807,295,298
808,296,298
809,297,298
810,291,299
811,294,299
812,295,299
813,296,299
814,297,299
815,292,300
816,294,300
817,295,300
818,296,300
819,297,300
820,293,301
821,294,301
822,295,301
823,296,301
824,297,301
825,174,302
826,175,303
827,176,304
828,177,305
829,298,306
830,302,306
831,303,306
832,304,306
833,305,306
834,299,307
835,302,307
836,303,307
837,304,307
838,305,307
839,300,308
840,302,308
841,303,308
842,304,308
843,305,308
844,301,309
845,302,309
846,303,309
847,304,309
848,305,309
849,182,310
850,183,311
851,184,312
852,185,313
853,306,314
854,310,314
855,311,314
856,312,314
857,313,314
858,307,315
859,310,315
860,311,315
861,312,315
862,313,315
863,308,316
864,310,316
865,311,316
866,312,316
867,313,316
868,309,317
869,310,317
870,311,317
871,312,317
872,313,317
873,190,318
874,191,319
875,192,320
876,193,321
877,314,322
878,318,322
879,319,322
880,320,322
881,321,322
882,315,323
883,318,323
884,319,323
885,320,323
886,321,323
887,316,324
888,318,324
889,319,324
890,320,324
891,321,324
892,317,325
893,318,325
894,319,325
895,320,325
896,321,325
897,198,326
898,199,327
899,200,328
900,201,329
901,322,330
902,326,330
903,327,330
904,328,330
905,329,330
906,323,331
907,326,331
908,327,331
909,328,331
910,329,331
911,324,332
912,326,332
913,327,332
914,328,332
915,329,332
916,325,333
917,326,333
918,327,333
919,328,333
920,329,333
921,206,334
922,207,335
923,208,336
924,209,337
925,330,338
926,334,338
927,335,338
928,336,338
929,337,338
930,331,339
931,334,339
932,335,339
933,336,339
934,337,339
935,332,340
936,334,340
937,335,340
938,336,340
939,337,340
940,333,341
941,334,341
942,335,341
943,336,341
944,337,341
945,214,342
946,215,343
947,216,344
948,217,345
949,338,346
950,342,346
951,343,346
952,344,346
953,345,346
954,339,347
955,342,347
956,343,347
957,344,347
958,345,347
959,340,348
960,342,348
961,343,348
962,344,348
963,345,348
964,341,349
965,342,349
966,343,349
967,344,349
968,345,349
969,222,350
970,223,351
971,224,352
972,225,353
973,346,354
974,350,354
975,351,354
976,352,354
977,353,354
978,347,355
979,350,355
980,351,355
981,352,355
982,353,355
983,348,356
984,350,356
985,351,356
986,352,356
987,353,356
988,349,357
989,350,357
990,351,357
991,352,357
992,353,357
993,230,358
994,231,359
995,232,360
996,233,361
997,354,362
998,358,362
999,359,362
1000,360,362
1001,361,362
1002,355,363
1003,358,363
1004,359,363
1005,360,363
1006,361,363
1007,356,364
1008,358,364
1009,359,364
1010,360,364
1011,361,364
1012,357,365
1013,358,365
1014,359,365
1015,360,365
1016,361,365
1017,238,366
1018,239,367
1019,240,368
1020,241,369
1021,362,370
1022,366,370
1023,367,370
1024,368,370
1025,369,370
1026,363,371
1027,366,371
1028,367,371
1029,368,371
1030,369,371
1031,364,372
1032,366,372
1033,367,372
1034,368,372
1035,369,372
1036,365,373
1037,366,373
1038,367,373
1039,368,373
1040,369,373
1041,246,374
1042,247,375
1043,248,376
1044,249,377
1045,370,378
1046,374,378
1047,375,378
1048,376,378
1049,377,378
1050,371,379
1051,374,379
1052,375,379
1053,376,379
1054,377,379
1055,372,380
1056,374,380
1057,375,380
1058,376,380
1059,377,380
1060,373,381
1061,374,381
1062,375,381
1063,376,381
1064,377,381
1065,254,382
1066,255,383
1067,256,384
1068,257,385
1069,382,386
1070,383,386
1071,384,386
1072,385,386
1073,382,387
1074,383,387
1075,384,387
1076,385,387
1077,382,388
1078,383,388
1079,384,388
1080,385,388
1081,382,389
1082,383,389
1083,384,389
1084,385,389
1085,262,390
1086,263,391
1087,264,392
1088,265,393
1089,386,394
1090,390,394
1091,391,394
1092,392,394
1093,393,394
1094,387,395
1095,390,395
1096,391,395
1097,392,395
1098,393,395
1099,388,396
1100,390,396
1101,391,396
1102,392,396
1103,393,396
1104,389,397
1105,390,397
1106,391,397
1107,392,397
1108,393,397
1109,270,398
1110,271,399
1111,272,400
1112,273,401
1113,394,402
1114,398,402
1115,399,402
1116,400,402
1117,401,402
1118,395,403
1119,398,403
1120,399,403
1121,400,403
1122,401,403
1123,396,404
1124,398,404
1125,399,404
1126,400,404
1127,401,404
1128,397,405
1129,398,405
1130,399,405
1131,400,405
1132,401,405
1133,278,406
1134,279,407
1135,280,408
1136,281,409
1137,402,410
1138,406,410
1139,407,410
1140,408,410
1141,409,410
1142,403,411
1143,406,411
1144,407,411
1145,408,411
1146,409,411
1147,404,412
1148,406,412
1149,407,412
1150,408,412
1151,409,412
1152,405,413
1153,406,413
1154,407,413
1155,408,413
1156,409,413
1157,286,414
1158,287,415
1159,288,416
1160,289,417
1161,410,418
1162,414,418
1163,415,418
1164,416,418
1165,417,418
1166,411,419
1167,414,419
1168,415,419
1169,416,419
1170,417,419
1171,412,420
1172,414,420
1173,415,420
1174,416,420
1175,417,420
1176,413,421
1177,414,421
1178,415,421
1179,416,421
1180,417,421
1181,294,422
1182,295,423
1183,296,424
1184,297,425
1185,418,426
1186,422,426
1187,423,426
1188,424,426
1189,425,426
1190,419,427
1191,422,427
1192,423,427
1193,424,427
1194,425,427
1195,420,428
1196,422,428
1197,423,428
1198,424,428
1199,425,428
1200,421,429
1201,422,429
1202,423,429
1203,424,429
1204,425,429
1205,302,430
1206,303,431
1207,304,432
1208,305,433
1209,426,434
1210,430,434
1211,431,434
1212,432,434
1213,433,434
1214,427,435
1215,430,435
1216,431,435
1217,432,435
1218,433,435
1219,428,436
1220,430,436
1221,431,436
1222,432,436
1223,433,436
1224,429,437
1225,430,437
1226,431,437
1227,432,437
1228,433,437
1229,310,438
1230,311,439
1231,312,440
1232,313,441
1233,434,442
1234,438,442
1235,439,442
1236,440,442
1237,441,442
1238,435,443
1239,438,443
1240,439,443
1241,440,443
1242,441,443
1243,436,444
1244,438,444
1245,439,444
1246,440,444
1247,441,444
1248,437,445
1249,438,445
1250,439,445
1251,440,445
1252,441,445
1253,318,446
1254,319,447
1255,320,448
1256,321,449
1257,442,450
1258,446,450
1259,447,450
1260,448,450
1261,449,450
1262,443,451
1263,446,451
1264,447,451
1265,448,451
1266,449,451
1267,444,452
1268,446,452
1269,447,452
1270,448,452
1271,449,452
1272,445,453
1273,446,453
1274,447,453
1275,448,453
1276,449,453
1277,326,454
1278,327,455
1279,328,456
1280,329,457
1281,450,458
1282,454,458
1283,455,458
1284,456,458
1285,457,458
1286,451,459
1287,454,459
1288,455,459
1289,456,459
1290,457,459
1291,452,460
1292,454,460
1293,455,460
1294,456,460
1295,457,460
1296,453,461
1297,454,461
1298,455,461
1299,456,461
1300,457,461
1301,334,462
1302,335,463
1303,336,464
1304,337,465
1305,458,466
1306,462,466
1307,463,466
1308,464,466
1309,465,466
1310,459,467
1311,462,467
1312,463,467
1313,464,467
1314,465,467
1315,460,468
1316,462,468
1317,463,468
1318,464,468
1319,465,468
1320,461,469
1321,462,469
1322,463,469
1323,464,469
1324,465,469
1325,342,470
1326,343,471
1327,344,472
1328,345,473
1329,466,474
1330,470,474
1331,471,474
1332,472,474
1333,473,474
1334,467,475
1335,470,475
1336,471,475
1337,472,475
1338,473,475
1339,468,476
1340,470,476
1341,471,476
1342,472,476
1343,473,476
1344,469,477
1345,470,477
1346,471,477
1347,472,477
1348,473,477
1349,350,478
1350,351,479
1351,352,480
1352,353,481
1353,474,482
1354,478,482
1355,479,482
1356,480,482
1357,481,482
1358,475,483
1359,478,483
1360,479,483
1361,480,483
1362,481,483
1363,476,484
1364,478,484
1365,479,484
1366,480,484
1367,481,484
1368,477,485
1369,478,485
1370,479,485
1371,480,485
1372,481,485
1373,358,486
1374,359,487
1375,360,488
1376,361,489
1377,482,490
1378,486,490
1379,487,490
1380,488,490
1381,489,490
1382,483,491
1383,486,491
1384,487,491
1385,488,491
1386,489,491
1387,484,492
1388,486,492
1389,487,492
1390,488,492
1391,489,492
1392,485,493
1393,486,493
1394,487,493
1395,488,493
1396,489,493
1397,366,494
1398,367,495
1399,368,496
1400,369,497
1401,490,498
1402,494,498
1403,495,498
1404,496,498
1405,497,498
1406,491,499
1407,494,499
1408,495,499
1409,496,499
1410,497,499
1411,492,500
1412,494,500
1413,495,500
1414,496,500
1415,497,500
1416,493,501
1417,494,501
1418,495,501
1419,496,501
1420,497,501
1421,374,502
1422,375,503
1423,376,504
1424,377,505
1425,498,506
1426,502,506
1427,503,506
1428,504,506
1429,505,506
1430,499,507
1431,502,507
1432,503,507
1433,504,507
1434,505,507
1435,500,508
1436,502,508
1437,503,508
1438,504,508
1439,505,508
1440,501,509
1441,502,509
1442,503,509
1443,504,509
1444,505,509
1445,382,510
1446,383,511
1447,384,512
1448,385,513
1449,510,514
1450,511,514
1451,512,514
1452,513,514
1453,510,515
1454,511,515
1455,512,515
1456,513,515
1457,510,516
1458,511,516
1459,512,516
1460,513,516
1461,510,517
1462,511,517
1463,512,517
1464,513,517
1465,390,518
1466,391,519
1467,392,520
1468,393,521
1469,515,522
1470,518,522
1471,519,522
1472,520,522
1473,521,522
1474,516,523
1475,518,523
1476,519,523
1477,520,523
1478,521,523
1479,517,524
1480,518,524
1481,519,524
1482,520,524
1483,521,524
1484,398,525
1485,399,526
1486,400,527
1487,401,528
1488,525,529
1489,526,529
1490,527,529
1491,528,529
1492,522,530
1493,525,530
1494,526,530
1495,527,530
1496,528,530
1497,523,531
1498,525,531
1499,526,531
1500,527,531
1501,528,531
1502,524,532
1503,525,532
1504,526,532
1505,527,532
1506,528,532
1507,406,533
1508,407,534
1509,408,535
1510,409,536
1511,529,537
1512,533,537
1513,534,537
1514,535,537
1515,536,537
1516,530,538
1517,533,538
1518,534,538
1519,535,538
1520,536,538
1521,531,539
1522,533,539
1523,534,539
1524,535,539
1525,536,539
1526,532,540
1527,533,540
1528,534,540
1529,535,540
1530,536,540
1531,414,541
1532,415,542
1533,416,543
1534,417,544
1535,538,545
1536,541,545
1537,542,545
1538,543,545
1539,544,545
1540,539,546
1541,541,546
1542,542,546
1543,543,546
1544,544,546
1545,540,547
1546,541,547
1547,542,547
1548,543,547
1549,544,547
1550,422,548
1551,423,549
1552,424,550
1553,425,551
1554,548,552
1555,549,552
1556,551,552
1557,545,553
1558,548,553
1559,549,553
1560,550,553
1561,551,553
1562,546,554
1563,548,554
1564,549,554
1565,550,554
1566,551,554
1567,547,555
1568,548,555
1569,549,555
1570,550,555
1571,551,555
1572,430,556
1573,431,557
1574,432,558
1575,433,559
1576,552,560
1577,556,560
1578,557,560
1579,558,560
1580,559,560
1581,553,561
1582,556,561
1583,557,561
1584,558,561
1585,559,561
1586,554,562
1587,556,562
1588,557,562
1589,558,562
1590,559,562
1591,555,563
1592,556,563
1593,557,563
1594,558,563
1595,559,563
1596,438,564
1597,439,565
1598,440,566
1599,441,567
1600,560,568
1601,564,568
1602,565,568
1603,566,568
1604,567,568
1605,561,569
1606,564,569
1607,565,569
1608,566,569
1609,567,569
1610,562,570
1611,564,570
1612,565,570
1613,566,570
1614,567,570
1615,563,571
1616,564,571
1617,565,571
1618,566,571
1619,567,571
1620,446,572
1621,447,573
1622,448,574
1623,449,575
1624,568,576
1625,572,576
1626,573,576
1627,574,576
1628,575,576
1629,569,577
1630,572,577
1631,573,577
1632,574,577
1633,575,577
1634,570,578
1635,572,578
1636,573,578
1637,574,578
1638,575,578
1639,571,579
1640,572,579
1641,573,579
1642,574,579
1643,575,579
1644,454,580
1645,455,581
1646,456,582
1647,457,583
1648,576,584
1649,580,584
1650,581,584
1651,582,584
1652,583,584
1653,577,585
1654,580,585
1655,581,585
1656,582,585
1657,583,585
1658,578,586
1659,580,586
1660,581,586
1661,582,586
1662,583,586
1663,579,587
1664,580,587
1665,581,587
1666,582,587
1667,583,587
1668,462,588
1669,463,589
1670,464,590
1671,465,591
1672,584,592
1673,588,592
1674,589,592
1675,590,592
1676,591,592
1677,585,593
1678,588,593
1679,589,593
1680,590,593
1681,591,593
1682,586,594
1683,588,594
1684,589,594
1685,590,594
1686,591,594
1687,587,595
1688,588,595
1689,589,595
1690,590,595
1691,591,595
1692,470,596
1693,471,597
1694,472,598
1695,473,599
1696,592,600
1697,596,600
1698,597,600
1699,598,600
1700,599,600
1701,593,601
1702,596,601
1703,597,601
1704,598,601
1705,599,601
1706,594,602
1707,596,602
1708,597,602
1709,598,602
1710,599,602
1711,595,603
1712,596,603
1713,597,603
1714,598,603
1715,599,603
1716,478,604
1717,479,605
1718,480,606
1719,481,607
1720,600,608
1721,604,608
1722,605,608
1723,606,608
1724,607,608
1725,601,609
1726,604,609
1727,605,609
1728,606,609
1729,607,609
1730,602,610
1731,604,610
1732,605,610
1733,606,610
1734,607,610
1735,603,611
1736,604,611
1737,605,611
1738,606,611
1739,607,611
1740,486,612
1741,487,613
1742,488,614
1743,489,615
1744,608,616
1745,612,616
1746,613,616
1747,614,616
1748,615,616
1749,609,617
1750,612,617
1751,613,617
1752,614,617
1753,615,617
1754,610,618
1755,612,618
1756,613,618
1757,614,618
1758,615,618
1759,611,619
1760,612,619
1761,613,619
1762,614,619
1763,615,619
1764,494,620
1765,495,621
1766,496,622
1767,497,623
1768,616,624
1769,620,624
1770,621,624
1771,622,624
1772,623,624
1773,617,625
1774,620,625
1775,621,625
1776,622,625
1777,623,625
1778,618,626
1779,620,626
1780,621,626
1781,622,626
1782,623,626
1783,619,627
1784,620,627
1785,621,627
1786,622,627
1787,623,627
1788,502,628
1789,503,629
1790,504,630
1791,505,631
1792,624,632
1793,628,632
1794,629,632
1795,630,632
1796,631,632
1797,625,633
1798,628,633
1799,629,633
1800,630,633
1801,631,633
1802,626,634
1803,628,634
1804,629,634
1805,630,634
1806,631,634
1807,627,635
1808,628,635
1809,629,635
1810,630,635
1811,631,635
1812,510,636
1813,511,637
1814,512,638
1815,513,639
1816,636,640
1817,637,640
1818,638,640
1819,639,640
1820,636,641
1821,637,641
1822,638,641
1823,639,641
1824,636,642
1825,637,642
1826,638,642
1827,639,642
1828,636,643
1829,637,643
1830,638,643
1831,639,643
1832,518,644
1833,519,645
1834,520,646
1835,521,647
1836,640,648
1837,644,648
1838,645,648
1839,646,648
1840,647,648
1841,641,649
1842,644,649
1843,645,649
1844,646,649
1845,647,649
1846,642,650
1847,644,650
1848,645,650
1849,646,650
1850,647,650
1851,643,651
1852,644,651
1853,645,651
1854,646,651
1855,647,651
1856,525,652
1857,526,653
1858,527,654
1859,528,655
1860,648,656
1861,652,656
1862,653,656
1863,654,656
1864,655,656
1865,649,657
1866,652,657
1867,653,657
1868,654,657
1869,655,657
1870,650,658
1871,652,658
1872,653,658
1873,654,658
1874,655,658
1875,651,659
1876,652,659
1877,653,659
1878,654,659
1879,655,659
1880,533,660
1881,534,661
1882,535,662
1883,536,663
1884,656,664
1885,660,664
1886,661,664
1887,662,664
1888,663,664
1889,657,665
1890,660,665
1891,661,665
1892,662,665
1893,663,665
1894,658,666
1895,660,666
1896,661,666
1897,662,666
1898,663,666
1899,659,667
1900,660,667
1901,661,667
1902,662,667
1903,663,667
1904,541,668
1905,542,669
1906,543,670
1907,544,671
1908,664,672
1909,668,672
1910,669,672
1911,670,672
1912,671,672
1913,665,673
1914,668,673
1915,669,673
1916,670,673
1917,671,673
1918,666,674
1919,668,674
1920,669,674
1921,670,674
1922,671,674
1923,667,675
1924,668,675
1925,669,675
1926,670,675
1927,671,675
1928,548,676
1929,549,677
1930,550,678
1931,551,679
1932,672,680
1933,676,680
1934,677,680
1935,678,680
1936,679,680
1937,673,681
1938,676,681
1939,677,681
1940,678,681
1941,679,681
1942,674,682
1943,676,682
1944,677,682
1945,678,682
1946,679,682
1947,675,683
1948,676,683
1949,677,683
1950,678,683
1951,679,683
1952,556,684
1953,557,685
1954,558,686
1955,559,687
1956,680,688
1957,684,688
1958,685,688
1959,686,688
1960,687,688
1961,681,689
1962,684,689
1963,685,689
1964,686,689
1965,687,689
1966,682,690
1967,684,690
1968,685,690
1969,686,690
1970,687,690
1971,683,691
1972,684,691
1973,685,691
1974,686,691
1975,687,691
1976,564,692
1977,565,693
1978,566,694
1979,567,695
1980,688,696
1981,692,696
1982,693,696
1983,694,696
1984,695,696
1985,689,697
1986,692,697
1987,693,697
1988,694,697
1989,695,697
1990,690,698
1991,692,698
1992,693,698
1993,694,698
1994,695,698
1995,691,699
1996,692,699
1997,693,699
1998,694,699
1999,695,699
2000,572,700
2001,573,701
2002,574,702
2003,575,703
2004,696,704
2005,700,704
2006,701,704
2007,702,704
2008,703,704
2009,697,705
2010,700,705
2011,701,705
2012,702,705
2013,703,705
2014,698,706
2015,700,706
2016,701,706
2017,702,706
2018,703,706
2019,699,707
2020,700,707
2021,701,707
2022,702,707
2023,703,707
2024,580,708
2025,581,709
2026,582,710
2027,583,711
2028,704,712
2029,708,712
2030,709,712
2031,710,712
2032,711,712
2033,705,713
2034,708,713
2035,709,713
2036,710,713
2037,711,713
2038,706,714
2039,708,714
2040,709,714
2041,710,714
2042,711,714
2043,707,715
2044,708,715
2045,709,715
2046,710,715
2047,711,715
2048,588,716
2049,589,717
2050,590,718
2051,591,719
2052,712,720
2053,716,720
2054,717,720
2055,718,720
2056,719,720
2057,713,721
2058,716,721
2059,717,721
2060,718,721
2061,719,721
2062,714,722
2063,716,722
2064,717,722
2065,718,722
2066,719,722
2067,715,723
2068,716,723
2069,717,723
2070,718,723
2071,719,723
2072,596,724
2073,597,725
2074,598,726
2075,599,727
2076,720,728
2077,724,728
2078,725,728
2079,726,728
2080,727,728
2081,721,729
2082,724,729
2083,725,729
2084,726,729
2085,727,729
2086,722,730
2087,724,730
2088,725,730
2089,726,730
2090,727,730
2091,723,731
2092,724,731
2093,725,731
2094,726,731
2095,727,731
2096,604,732
2097,605,733
2098,606,734
2099,607,735
2100,728,736
2101,732,736
2102,733,736
2103,734,736
2104,735,736
2105,729,737
2106,732,737
2107,733,737
2108,734,737
2109,735,737
2110,730,738
2111,732,738
2112,733,738
2113,734,738
2114,735,738
2115,731,739
2116,732,739
2117,733,739
2118,734,739
2119,735,739
2120,612,740
2121,613,741
2122,614,742
2123,615,743
2124,736,744
2125,740,744
2126,741,744
2127,742,744
2128,743,744
2129,737,745
2130,740,745
2131,741,745
2132,742,745
2133,743,745
2134,738,746
2135,740,746
2136,741,746
2137,742,746
2138,743,746
2139,739,747
2140,740,747
2141,741,747
2142,742,747
2143,743,747
2144,620,748
2145,621,749
2146,622,750
2147,623,751
2148,744,752
2149,748,752
2150,749,752
2151,750,752
2152,751,752
2153,745,753
2154,748,753
2155,749,753
2156,750,753
2157,751,753
2158,746,754
2159,748,754
2160,749,754
2161,750,754
2162,751,754
2163,747,755
2164,748,755
2165,749,755
2166,750,755
2167,751,755
2168,628,756
2169,629,757
2170,630,758
2171,631,759
2172,752,760
2173,756,760
2174,757,760
2175,758,760
2176,759,760
2177,753,761
2178,756,761
2179,757,761
2180,758,761
2181,759,761
2182,754,762
2183,756,762
2184,757,762
2185,758,762
2186,759,762
2187,755,763
2188,756,763
2189,757,763
2190,758,763
2191,759,763
2192,636,764
2193,637,765
2194,638,766
2195,639,767
2196,764,768
2197,765,768
2198,766,768
2199,767,768
2200,764,769
2201,765,769
2202,766,769
2203,767,769
2204,764,770
2205,765,770
2206,766,770
2207,767,770
2208,764,771
2209,765,771
2210,766,771
2211,767,771
2212,644,772
2213,645,773
2214,646,774
2215,647,775
2216,768,776
2217,772,776
2218,773,776
2219,774,776
2220,775,776
2221,769,777
2222,772,777
2223,773,777
2224,774,777
2225,775,777
2226,770,778
2227,772,778
2228,773,778
2229,774,778
2230,775,778
2231,771,779
2232,772,779
2233,773,779
2234,774,779
2235,775,779
2236,652,780
2237,653,781
2238,654,782
2239,655,783
2240,776,784
2241,780,784
2242,781,784
2243,782,784
2244,783,784
2245,777,785
2246,780,785
2247,781,785
2248,782,785
2249,783,785
2250,778,786
2251,780,786
2252,781,786
2253,782,786
2254,783,786
2255,779,787
2256,780,787
2257,781,787
2258,782,787
2259,783,787
2260,660,788
2261,661,789
2262,662,790
2263,663,791
2264,784,792
2265,788,792
2266,789,792
2267,790,792
2268,791,792
2269,785,793
2270,788,793
2271,789,793
2272,790,793
2273,791,793
2274,786,794
2275,788,794
2276,789,794
2277,790,794
2278,791,794
2279,787,795
2280,788,795
2281,789,795
2282,790,795
2283,791,795
2284,668,796
2285,669,797
2286,670,798
2287,671,799
2288,792,800
2289,796,800
2290,797,800
2291,798,800
2292,799,800
2293,793,801
2294,796,801
2295,797,801
2296,798,801
2297,799,801
2298,794,802
2299,796,802
2300,797,802
2301,798,802
2302,799,802
2303,795,803
2304,796,803
2305,797,803
2306,798,803
2307,799,803
2308,676,804
2309,677,805
2310,678,806
2311,679,807
2312,800,808
2313,804,808
2314,805,808
2315,806,808
2316,807,808
2317,801,809
2318,804,809
2319,805,809
2320,806,809
2321,807,809
2322,802,810
2323,804,810
2324,805,810
2325,806,810
2326,807,810
2327,803,811
2328,804,811
2329,805,811
2330,806,811
2331,807,811
2332,684,812
2333,685,813
2334,686,814
2335,687,815
2336,808,816
2337,812,816
2338,813,816
2339,814,816
2340,815,816
2341,809,817
2342,812,817
2343,813,817
2344,814,817
2345,815,817
2346,810,818
2347,812,818
2348,813,818
2349,814,818
2350,815,818
2351,811,819
2352,812,819
2353,813,819
2354,814,819
2355,815,819
2356,692,820
2357,693,821
2358,694,822
2359,695,823
2360,816,824
2361,820,824
2362,821,824
2363,822,824
2364,823,824
2365,817,825
2366,820,825
2367,821,825
2368,822,825
2369,823,825
2370,818,826
2371,820,826
2372,821,826
2373,822,826
2374,823,826
2375,819,827
2376,820,827
2377,821,827
2378,822,827
2379,823,827
2380,700,828
2381,701,829
2382,702,830
2383,703,831
2384,824,832
2385,828,832
2386,829,832
2387,830,832
2388,831,832
2389,825,833
2390,828,833
2391,829,833
2392,830,833
2393,831,833
2394,826,834
2395,828,834
2396,829,834
2397,830,834
2398,831,834
2399,827,835
2400,828,835
2401,829,835
2402,830,835
2403,831,835
2404,708,836
2405,709,837
2406,710,838
2407,711,839
2408,832,840
2409,836,840
2410,837,840
2411,838,840
2412,839,840
2413,833,841
2414,836,841
2415,837,841
2416,838,841
2417,839,841
2418,834,842
2419,836,842
2420,837,842
2421,838,842
2422,839,842
2423,835,843
2424,836,843
2425,837,843
2426,838,843
2427,839,843
2428,716,844
2429,717,845
2430,718,846
2431,719,847
2432,840,848
2433,844,848
2434,845,848
2435,846,848
2436,847,848
2437,841,849
2438,844,849
2439,845,849
2440,846,849
2441,847,849
2442,842,850
2443,844,850
2444,845,850
2445,846,850
2446,847,850
2447,843,851
2448,844,851
2449,845,851
2450,846,851
2451,847,851
2452,724,852
2453,725,853
2454,726,854
2455,727,855
2456,848,856
2457,852,856
2458,853,856
2459,854,856
2460,855,856
2461,849,857
2462,852,857
2463,853,857
2464,854,857
2465,855,857
2466,850,858
2467,852,858
2468,853,858
2469,854,858
2470,855,858
2471,851,859
2472,852,859
2473,853,859
2474,854,859
2475,855,859
2476,732,860
2477,733,861
2478,734,862
2479,735,863
2480,856,864
2481,860,864
2482,861,864
2483,862,864
2484,863,864
2485,857,865
2486,860,865
2487,861,865
2488,862,865
2489,863,865
2490,858,866
2491,860,866
2492,861,866
2493,862,866
2494,863,866
2495,859,867
2496,860,867
2497,861,867
2498,862,867
2499,863,867
2500,740,868
2501,741,869
2502,742,870
2503,743,871
2504,864,872
2505,868,872
2506,869,872
2507,870,872
2508,871,872
2509,865,873
2510,868,873
2511,869,873
2512,870,873
2513,871,873
2514,866,874
2515,868,874
2516,869,874
2517,870,874
2518,871,874
2519,867,875
2520,868,875
2521,869,875
2522,870,875
2523,871,875
2524,748,876
2525,749,877
2526,750,878
2527,751,879
2528,872,880
2529,876,880
2530,877,880
2531,878,880
2532,879,880
2533,873,881
2534,876,881
2535,877,881
2536,878,881
2537,879,881
2538,874,882
2539,876,882
2540,877,882
2541,878,882
2542,879,882
2543,875,883
2544,876,883
2545,877,883
2546,878,883
2547,879,883
2548,756,884
2549,757,885
2550,758,886
2551,759,887
2552,880,888
2553,884,888
2554,885,888
2555,886,888
2556,887,888
2557,881,889
2558,884,889
2559,885,889
2560,886,889
2561,887,889
2562,882,890
2563,884,890
2564,885,890
2565,886,890
2566,887,890
2567,883,891
2568,884,891
2569,885,891
2570,886,891
2571,887,891
2572,764,892
2573,765,893
2574,766,894
2575,767,895
2576,892,896
2577,893,896
2578,894,896
2579,895,896
2580,892,897
2581,893,897
2582,894,897
2583,895,897
2584,892,898
2585,893,898
2586,894,898
2587,895,898
2588,892,899
2589,893,899
2590,894,899
2591,895,899
2592,772,900
2593,773,901
2594,774,902
2595,775,903
2596,896,904
2597,900,904
2598,901,904
2599,902,904
2600,903,904
2601,897,905
2602,900,905
2603,901,905
2604,902,905
2605,903,905
2606,898,906
2607,900,906
2608,901,906
2609,902,906
2610,903,906
2611,899,907
2612,900,907
2613,901,907
2614,902,907
2615,903,907
2616,780,908
2617,781,909
2618,782,910
2619,783,911
2620,904,912
2621,908,912
2622,909,912
2623,910,912
2624,911,912
2625,905,913
2626,908,913
2627,909,913
2628,910,913
2629,911,913
2630,906,914
2631,908,914
2632,909,914
2633,910,914
2634,911,914
2635,907,915
2636,908,915
2637,909,915
2638,910,915
2639,911,915
2640,788,916
2641,789,917
2642,790,918
2643,791,919
2644,912,920
2645,916,920
2646,917,920
2647,918,920
2648,919,920
2649,913,921
2650,916,921
2651,917,921
2652,918,921
2653,919,921
2654,914,922
2655,916,922
2656,917,922
2657,918,922
2658,919,922
2659,915,923
2660,916,923
2661,917,923
2662,918,923
2663,919,923
2664,796,924
2665,797,925
2666,798,926
2667,799,927
2668,920,928
2669,924,928
2670,925,928
2671,926,928
2672,927,928
2673,921,929
2674,924,929
2675,925,929
2676,926,929
2677,927,929
2678,922,930
2679,924,930
2680,925,930
2681,926,930
2682,927,930
2683,923,931
2684,924,931
2685,925,931
2686,926,931
2687,927,931
2688,804,932
2689,805,933
2690,806,934
2691,807,935
2692,928,936
2693,932,936
2694,933,936
2695,934,936
2696,935,936
2697,929,937
2698,932,937
2699,933,937
2700,934,937
2701,935,937
2702,930,938
2703,932,938
2704,933,938
2705,934,938
2706,935,938
2707,931,939
2708,932,939
2709,933,939
2710,934,939
2711,935,939
2712,812,940
2713,813,941
2714,814,942
2715,815,943
2716,936,944
2717,940,944
2718,941,944
2719,942,944
2720,943,944
2721,937,945
2722,940,945
2723,941,945
2724,942,945
2725,943,945
2726,938,946
2727,940,946
2728,941,946
2729,942,946
2730,943,946
2731,939,947
2732,940,947
2733,941,947
2734,942,947
2735,943,947
2736,820,948
2737,821,949
2738,822,950
2739,823,951
2740,944,952
2741,948,952
2742,949,952
2743,950,952
2744,951,952
2745,945,953
2746,948,953
2747,949,953
2748,950,953
2749,951,953
2750,946,954
2751,948,954
2752,949,954
2753,950,954
2754,951,954
2755,947,955
2756,948,955
2757,949,955
2758,950,955
2759,951,955
2760,828,956
2761,829,957
2762,830,958
2763,831,959
2764,952,960
2765,956,960
2766,957,960
2767,958,960
2768,959,960
2769,953,961
2770,956,961
2771,957,961
2772,958,961
2773,959,961
2774,954,962
2775,956,962
2776,957,962
2777,958,962
2778,959,962
2779,955,963
2780,956,963
2781,957,963
2782,958,963
2783,959,963
2784,836,964
2785,837,965
2786,838,966
2787,839,967
2788,960,968
2789,964,968
2790,965,968
2791,966,968
2792,967,968
2793,961,969
2794,964,969
2795,965,969
2796,966,969
2797,967,969
2798,962,970
2799,964,970
2800,965,970
2801,966,970
2802,967,970
2803,963,971
2804,964,971
2805,965,971
2806,966,971
2807,967,971
2808,844,972
2809,845,973
2810,846,974
2811,847,975
2812,968,976
2813,972,976
2814,973,976
2815,974,976
2816,975,976
2817,969,977
2818,972,977
2819,973,977
2820,974,977
2821,975,977
2822,970,978
2823,972,978
2824,973,978
2825,974,978
2826,975,978
2827,971,979
2828,972,979
2829,973,979
2830,974,979
2831,975,979
2832,852,980
2833,853,981
2834,854,982
2835,855,983
2836,976,984
2837,980,984
2838,981,984
2839,982,984
2840,983,984
2841,977,985
2842,980,985
2843,981,985
2844,982,985
2845,983,985
2846,978,986
2847,980,986
2848,981,986
2849,982,986
2850,983,986
2851,979,987
2852,980,987
2853,981,987
2854,982,987
2855,983,987
2856,860,988
2857,861,989
2858,862,990
2859,863,991
2860,984,992
2861,988,992
2862,989,992
2863,990,992
2864,991,992
2865,985,993
2866,988,993
2867,989,993
2868,990,993
2869,991,993
2870,986,994
2871,988,994
2872,989,994
2873,990,994
2874,991,994
2875,987,995
2876,988,995
2877,989,995
2878,990,995
2879,991,995
2880,868,996
2881,869,997
2882,870,998
2883,871,999
2884,992,1000
2885,996,1000
2886,997,1000
2887,998,1000
2888,999,1000
2889,993,1001
2890,996,1001
2891,997,1001
2892,998,1001
2893,999,1001
2894,994,1002
2895,996,1002
2896,997,1002
2897,998,1002
2898,999,1002
2899,995,1003
2900,996,1003
2901,997,1003
2902,998,1003
2903,999,1003
2904,876,1004
2905,877,1005
2906,878,1006
2907,879,1007
2908,1000,1008
2909,1004,1008
2910,1005,1008
2911,1006,1008
2912,1007,1008
2913,1001,1009
2914,1004,1009
2915,1005,1009
2916,1006,1009
2917,1007,1009
2918,1002,1010
2919,1004,1010
2920,1005,1010
2921,1006,1010
2922,1007,1010
2923,1003,1011
2924,1004,1011
2925,1005,1011
2926,1006,1011
2927,1007,1011
2928,884,1012
2929,885,1013
2930,886,1014
2931,887,1015
2932,1008,1016
2933,1012,1016
2934,1013,1016
2935,1014,1016
2936,1015,1016
2937,1009,1017
2938,1012,1017
2939,1013,1017
2940,1014,1017
2941,1015,1017
2942,1010,1018
2943,1012,1018
2944,1013,1018
2945,1014,1018
2946,1015,1018
2947,1011,1019
2948,1012,1019
2949,1013,1019
2950,1014,1019
2951,1015,1019
2952,892,1020
2953,893,1021
2954,894,1022
2955,895,1023
2956,1020,1024
2957,1021,1024
2958,1022,1024
2959,1023,1024
2960,1020,1025
2961,1021,1025
2962,1022,1025
2963,1023,1025
2964,1020,1026
2965,1021,1026
2966,1022,1026
2967,1023,1026
2968,1020,1027
2969,1021,1027
2970,1022,1027
2971,1023,1027
2972,900,1028
2973,901,1029
2974,902,1030
2975,903,1031
2976,1024,1032
2977,1028,1032
2978,1029,1032
2979,1030,1032
2980,1031,1032
2981,1025,1033
2982,1028,1033
2983,1029,1033
2984,1030,1033
2985,1031,1033
2986,1026,1034
2987,1028,1034
2988,1029,1034
2989,1030,1034
2990,1031,1034
2991,1027,1035
2992,1028,1035
2993,1029,1035
2994,1030,1035
2995,1031,1035
2996,908,1036
2997,909,1037
2998,910,1038
2999,911,1039
3000,1032,1040
3001,1036,1040
3002,1037,1040
3003,1038,1040
3004,1039,1040
3005,1033,1041
3006,1036,1041
3007,1037,1041
3008,1038,1041
3009,1039,1041
3010,1034,1042
3011,1036,1042
3012,1037,1042
3013,1038,1042
3014,1039,1042
3015,1035,1043
3016,1036,1043
3017,1037,1043
3018,1038,1043
3019,1039,1043
3020,916,1044
3021,917,1045
3022,918,1046
3023,919,1047
3024,1040,1048
3025,1044,1048
3026,1045,1048
3027,1046,1048
3028,1047,1048
3029,1041,1049
3030,1044,1049
3031,1045,1049
3032,1046,1049
3033,1047,1049
3034,1042,1050
3035,1044,1050
3036,1045,1050
3037,1046,1050
3038,1047,1050
3039,1043,1051
3040,1044,1051
3041,1045,1051
3042,1046,1051
3043,1047,1051
3044,924,1052
3045,925,1053
3046,926,1054
3047,927,1055
3048,1048,1056
3049,1052,1056
3050,1053,1056
3051,1054,1056
3052,1055,1056
3053,1049,1057
3054,1052,1057
3055,1053,1057
3056,1054,1057
3057,1055,1057
3058,1050,1058
3059,1052,1058
3060,1053,1058
3061,1054,1058
3062,1055,1058
3063,1051,1059
3064,1052,1059
3065,1053,1059
3066,1054,1059
3067,1055,1059
3068,932,1060
3069,933,1061
3070,934,1062
3071,935,1063
3072,1056,1064
3073,1060,1064
3074,1061,1064
3075,1062,1064
3076,1063,1064
3077,1057,1065
3078,1060,1065
3079,1061,1065
3080,1062,1065
3081,1063,1065
3082,1058,1066
3083,1060,1066
3084,1061,1066
3085,1062,1066
3086,1063,1066
3087,1059,1067
3088,1060,1067
3089,1061,1067
3090,1062,1067
3091,1063,1067
3092,940,1068
3093,941,1069
3094,942,1070
3095,943,1071
3096,1064,1072
3097,1068,1072
3098,1069,1072
3099,1070,1072
3100,1071,1072
3101,1065,1073
3102,1068,1073
3103,1069,1073
3104,1070,1073
3105,1071,1073
3106,1066,1074
3107,1068,1074
3108,1069,1074
3109,1070,1074
3110,1071,1074
3111,1067,1075
3112,1068,1075
3113,1069,1075
3114,1070,1075
3115,1071,1075
3116,948,1076
3117,949,1077
3118,950,1078
3119,951,1079
3120,1072,1080
3121,1076,1080
3122,1077,1080
3123,1078,1080
3124,1079,1080
3125,1073,1081
3126,1076,1081
3127,1077,1081
3128,1078,1081
3129,1079,1081
3130,1074,1082
3131,1076,1082
3132,1077,1082
3133,1078,1082
3134,1079,1082
3135,1075,1083
3136,1076,1083
3137,1077,1083
3138,1078,1083
3139,1079,1083
3140,956,1084
3141,957,1085
3142,958,1086
3143,959,1087
3144,1080,1088
3145,1084,1088
3146,1085,1088
3147,1086,1088
3148,1087,1088
3149,1081,1089
3150,1084,1089
3151,1085,1089
3152,1086,1089
3153,1087,1089
3154,1082,1090
3155,1084,1090
3156,1085,1090
3157,1086,1090
3158,1087,1090
3159,1083,1091
3160,1084,1091
3161,1085,1091
3162,1086,1091
3163,1087,1091
3164,964,1092
3165,965,1093
3166,966,1094
3167,967,1095
3168,1088,1096
3169,1092,1096
3170,1093,1096
3171,1094,1096
3172,1095,1096
3173,1089,1097
3174,1092,1097
3175,1093,1097
3176,1094,1097
3177,1095,1097
3178,1090,1098
3179,1092,1098
3180,1093,1098
3181,1094,1098
3182,1095,1098
3183,1091,1099
3184,1092,1099
3185,1093,1099
3186,1094,1099
3187,1095,1099
3188,972,1100
3189,973,1101
3190,974,1102
3191,975,1103
3192,1096,1104
3193,1100,1104
3194,1101,1104
3195,1102,1104
3196,1103,1104
3197,1097,1105
3198,1100,1105
3199,1101,1105
3200,1102,1105
3201,1103,1105
3202,1098,1106
3203,1100,1106
3204,1101,1106
3205,1102,1106
3206,1103,1106
3207,1099,1107
3208,1100,1107
3209,1101,1107
3210,1102,1107
3211,1103,1107
3212,980,1108
3213,981,1109
3214,982,1110
3215,983,1111
3216,1104,1112
3217,1108,1112
3218,1109,1112
3219,1110,1112
3220,1111,1112
3221,1105,1113
3222,1108,1113
3223,1109,1113
3224,1110,1113
3225,1111,1113
3226,1106,1114
3227,1108,1114
3228,1109,1114
3229,1110,1114
3230,1111,1114
3231,1107,1115
3232,1108,1115
3233,1109,1115
3234,1110,1115
3235,1111,1115
3236,988,1116
3237,989,1117
3238,990,1118
3239,991,1119
3240,1112,1120
3241,1116,1120
3242,1117,1120
3243,1118,1120
3244,1119,1120
3245,1113,1121
3246,1116,1121
3247,1117,1121
3248,1118,1121
3249,1119,1121
3250,1114,1122
3251,1116,1122
3252,1117,1122
3253,1118,1122
3254,1119,1122
3255,1115,1123
3256,1116,1123
3257,1117,1123
3258,1118,1123
3259,1119,1123
3260,996,1124
3261,997,1125
3262,998,1126
3263,999,1127
3264,1120,1128
3265,1124,1128
3266,1125,1128
3267,1126,1128
3268,1127,1128
3269,1121,1129
3270,1124,1129
3271,1125,1129
3272,1126,1129
3273,1127,1129
3274,1122,1130
3275,1124,1130
3276,1125,1130
3277,1126,1130
3278,1127,1130
3279,1123,1131
3280,1124,1131
3281,1125,1131
3282,1126,1131
3283,1127,1131
3284,1004,1132
3285,1005,1133
3286,1006,1134
3287,1007,1135
3288,1128,1136
3289,1132,1136
3290,1133,1136
3291,1134,1136
3292,1135,1136
3293,1129,1137
3294,1132,1137
3295,1133,1137
3296,1134,1137
3297,1135,1137
3298,1130,1138
3299,1132,1138
3300,1133,1138
3301,1134,1138
3302,1135,1138
3303,1131,1139
3304,1132,1139
3305,1133,1139
3306,1134,1139
3307,1135,1139
3308,1012,1140
3309,1013,1141
3310,1014,1142
3311,1015,1143
3312,1136,1144
3313,1140,1144
3314,1141,1144
3315,1142,1144
3316,1143,1144
3317,1137,1145
3318,1140,1145
3319,1141,1145
3320,1142,1145
3321,1143,1145
3322,1138,1146
3323,1140,1146
3324,1141,1146
3325,1142,1146
3326,1143,1146
3327,1139,1147
3328,1140,1147
3329,1141,1147
3330,1142,1147
3331,1143,1147
3332,1020,1148
3333,1021,1149
3334,1022,1150
3335,1023,1151
3336,1148,1152
3337,1149,1152
3338,1150,1152
3339,1151,1152
3340,1148,1153
3341,1149,1153
3342,1150,1153
3343,1151,1153
3344,1148,1154
3345,1149,1154
3346,1150,1154
3347,1151,1154
3348,1148,1155
3349,1149,1155
3350,1150,1155
3351,1151,1155
3352,1028,1156
3353,1029,1157
3354,1030,1158
3355,1031,1159
3356,1152,1160
3357,1156,1160
3358,1157,1160
3359,1158,1160
3360,1159,1160
3361,1153,1161
3362,1156,1161
3363,1157,1161
3364,1158,1161
3365,1159,1161
3366,1154,1162
3367,1156,1162
3368,1157,1162
3369,1158,1162
3370,1159,1162
3371,1155,1163
3372,1156,1163
3373,1157,1163
3374,1158,1163
3375,1159,1163
3376,1036,1164
3377,1037,1165
3378,1038,1166
3379,1039,1167
3380,1160,1168
3381,1164,1168
3382,1165,1168
3383,1166,1168
3384,1167,1168
3385,1161,1169
3386,1164,1169
3387,1165,1169
3388,1166,1169
3389,1167,1169
3390,1162,1170
3391,1164,1170
3392,1165,1170
3393,1166,1170
3394,1167,1170
3395,1163,1171
3396,1164,1171
3397,1165,1171
3398,1166,1171
3399,1167,1171
3400,1044,1172
3401,1045,1173
3402,1046,1174
3403,1047,1175
3404,1168,1176
3405,1172,1176
3406,1173,1176
3407,1174,1176
3408,1175,1176
3409,1169,1177
3410,1172,1177
3411,1173,1177
3412,1174,1177
3413,1175,1177
3414,1170,1178
3415,1172,1178
3416,1173,1178
3417,1174,1178
3418,1175,1178
3419,1171,1179
3420,1172,1179
3421,1173,1179
3422,1174,1179
3423,1175,1179
3424,1052,1180
3425,1053,1181
3426,1054,1182
3427,1055,1183
3428,1176,1184
3429,1180,1184
3430,1181,1184
3431,1182,1184
3432,1183,1184
3433,1177,1185
3434,1180,1185
3435,1181,1185
3436,1182,1185
3437,1183,1185
3438,1178,1186
3439,1180,1186
3440,1181,1186
3441,1182,1186
3442,1183,1186
3443,1179,1187
3444,1180,1187
3445,1181,1187
3446,1182,1187
3447,1183,1187
3448,1060,1188
3449,1061,1189
3450,1062,1190
3451,1063,1191
3452,1184,1192
3453,1188,1192
3454,1189,1192
3455,1190,1192
3456,1191,1192
3457,1185,1193
3458,1188,1193
3459,1189,1193
3460,1190,1193
3461,1191,1193
3462,1186,1194
3463,1188,1194
3464,1189,1194
3465,1190,1194
3466,1191,1194
3467,1187,1195
3468,1188,1195
3469,1189,1195
3470,1190,1195
3471,1191,1195
3472,1068,1196
3473,1069,1197
3474,1070,1198
3475,1071,1199
3476,1192,1200
3477,1196,1200
3478,1197,1200
3479,1198,1200
3480,1199,1200
3481,1193,1201
3482,1196,1201
3483,1197,1201
3484,1198,1201
3485,1199,1201
3486,1194,1202
3487,1196,1202
3488,1197,1202
3489,1198,1202
3490,1199,1202
3491,1195,1203
3492,1196,1203
3493,1197,1203
3494,1198,1203
3495,1199,1203
3496,1076,1204
3497,1077,1205
3498,1078,1206
3499,1079,1207
3500,1200,1208
3501,1204,1208
3502,1205,1208
3503,1206,1208
3504,1207,1208
3505,1201,1209
3506,1204,1209
3507,1205,1209
3508,1206,1209
3509,1207,1209
3510,1202,1210
3511,1204,1210
3512,1205,1210
3513,1206,1210
3514,1207,1210
3515,1203,1211
3516,1204,1211
3517,1205,1211
3518,1206,1211
3519,1207,1211
3520,1084,1212
3521,1085,1213
3522,1086,1214
3523,1087,1215
3524,1208,1216
3525,1212,1216
3526,1213,1216
3527,1214,1216
3528,1215,1216
3529,1209,1217
3530,1212,1217
3531,1213,1217
3532,1214,1217
3533,1215,1217
3534,1210,1218
3535,1212,1218
3536,1213,1218
3537,1214,1218
3538,1215,1218
3539,1211,1219
3540,1212,1219
3541,1213,1219
3542,1214,1219
3543,1215,1219
3544,1092,1220
3545,1093,1221
3546,1094,1222
3547,1095,1223
3548,1216,1224
3549,1220,1224
3550,1221,1224
3551,1222,1224
3552,1223,1224
3553,1217,1225
3554,1220,1225
3555,1221,1225
3556,1222,1225
3557,1223,1225
3558,1218,1226
3559,1220,1226
3560,1221,1226
3561,1222,1226
3562,1223,1226
3563,1219,1227
3564,1220,1227
3565,1221,1227
3566,1222,1227
3567,1223,1227
3568,1100,1228
3569,1101,1229
3570,1102,1230
3571,1103,1231
3572,1224,1232
3573,1228,1232
3574,1229,1232
3575,1230,1232
3576,1231,1232
3577,1225,1233
3578,1228,1233
3579,1229,1233
3580,1230,1233
3581,1231,1233
3582,1226,1234
3583,1228,1234
3584,1229,1234
3585,1230,1234
3586,1231,1234
3587,1227,1235
3588,1228,1235
3589,1229,1235
3590,1230,1235
3591,1231,1235
3592,1108,1236
3593,1109,1237
3594,1110,1238
3595,1111,1239
3596,1232,1240
3597,1236,1240
3598,1237,1240
3599,1238,1240
3600,1239,1240
3601,1233,1241
3602,1236,1241
3603,1237,1241
3604,1238,1241
3605,1239,1241
3606,1234,1242
3607,1236,1242
3608,1237,1242
3609,1238,1242
3610,1239,1242
3611,1235,1243
3612,1236,1243
3613,1237,1243
3614,1238,1243
3615,1239,1243
3616,1116,1244
3617,1117,1245
3618,1118,1246
3619,1119,1247
3620,1240,1248
3621,1244,1248
3622,1245,1248
3623,1246,1248
3624,1247,1248
3625,1241,1249
3626,1244,1249
3627,1245,1249
3628,1246,1249
3629,1247,1249
3630,1242,1250
3631,1244,1250
3632,1245,1250
3633,1246,1250
3634,1247,1250
3635,1243,1251
3636,1244,1251
3637,1245,1251
3638,1246,1251
3639,1247,1251
3640,1124,1252
3641,1125,1253
3642,1126,1254
3643,1127,1255
3644,1248,1256
3645,1252,1256
3646,1253,1256
3647,1254,1256
3648,1255,1256
3649,1249,1257
3650,1252,1257
3651,1253,1257
3652,1254,1257
3653,1255,1257
3654,1250,1258
3655,1252,1258
3656,1253,1258
3657,1254,1258
3658,1255,1258
3659,1251,1259
3660,1252,1259
3661,1253,1259
3662,1254,1259
3663,1255,1259
3664,1132,1260
3665,1133,1261
3666,1134,1262
3667,1135,1263
3668,1256,1264
3669,1260,1264
3670,1261,1264
3671,1262,1264
3672,1263,1264
3673,1257,1265
3674,1260,1265
3675,1261,1265
3676,1262,1265
3677,1263,1265
3678,1258,1266
3679,1260,1266
3680,1261,1266
3681,1262,1266
3682,1263,1266
3683,1259,1267
3684,1260,1267
3685,1261,1267
3686,1262,1267
3687,1263,1267
3688,1140,1268
3689,1141,1269
3690,1142,1270
3691,1143,1271
3692,1264,1272
3693,1268,1272
3694,1269,1272
3695,1270,1272
3696,1271,1272
3697,1265,1273
3698,1268,1273
3699,1269,1273
3700,1270,1273
3701,1271,1273
3702,1266,1274
3703,1268,1274
3704,1269,1274
3705,1270,1274
3706,1271,1274
3707,1267,1275
3708,1268,1275
3709,1269,1275
3710,1270,1275
3711,1271,1275
3712,1148,1276
3713,1149,1277
3714,1150,1278
3715,1151,1279
3716,1276,1280
3717,1277,1280
3718,1278,1280
3719,1279,1280
3720,1276,1281
3721,1277,1281
3722,1278,1281
3723,1279,1281
3724,1276,1282
3725,1277,1282
3726,1278,1282
3727,1279,1282
3728,1276,1283
3729,1277,1283
3730,1278,1283
3731,1279,1283
3732,1156,1284
3733,1157,1285
3734,1158,1286
3735,1159,1287
3736,1280,1288
3737,1284,1288
3738,1285,1288
3739,1286,1288
3740,1287,1288
3741,1281,1289
3742,1284,1289
3743,1285,1289
3744,1286,1289
3745,1287,1289
3746,1282,1290
3747,1284,1290
3748,1285,1290
3749,1286,1290
3750,1287,1290
3751,1283,1291
3752,1284,1291
3753,1285,1291
3754,1286,1291
3755,1287,1291
3756,1164,1292
3757,1165,1293
3758,1166,1294
3759,1167,1295
3760,1288,1296
3761,1292,1296
3762,1293,1296
3763,1294,1296
3764,1295,1296
3765,1289,1297
3766,1292,1297
3767,1293,1297
3768,1294,1297
3769,1295,1297
3770,1290,1298
3771,1292,1298
3772,1293,1298
3773,1294,1298
3774,1295,1298
3775,1291,1299
3776,1292,1299
3777,1293,1299
3778,1294,1299
3779,1295,1299
3780,1172,1300
3781,1173,1301
3782,1174,1302
3783,1175,1303
3784,1296,1304
3785,1300,1304
3786,1301,1304
3787,1302,1304
3788,1303,1304
3789,1297,1305
3790,1300,1305
3791,1301,1305
3792,1302,1305
3793,1303,1305
3794,1298,1306
3795,1300,1306
3796,1301,1306
3797,1302,1306
3798,1303,1306
3799,1299,1307
3800,1300,1307
3801,1301,1307
3802,1302,1307
3803,1303,1307
3804,1180,1308
3805,1181,1309
3806,1182,1310
3807,1183,1311
3808,1304,1312
3809,1308,1312
3810,1309,1312
3811,1310,1312
3812,1311,1312
3813,1305,1313
3814,1308,1313
3815,1309,1313
3816,1310,1313
3817,1311,1313
3818,1306,1314
3819,1308,1314
3820,1309,1314
3821,1310,1314
3822,1311,1314
3823,1307,1315
3824,1308,1315
3825,1309,1315
3826,1310,1315
3827,1311,1315
3828,1188,1316
3829,1189,1317
3830,1190,1318
3831,1191,1319
3832,1312,1320
3833,1316,1320
3834,1317,1320
3835,1318,1320
3836,1319,1320
3837,1313,1321
3838,1316,1321
3839,1317,1321
3840,1318,1321
3841,1319,1321
3842,1314,1322
3843,1316,1322
3844,1317,1322
3845,1318,1322
3846,1319,1322
3847,1315,1323
3848,1316,1323
3849,1317,1323
3850,1318,1323
3851,1319,1323
3852,1196,1324
3853,1197,1325
3854,1198,1326
3855,1199,1327
3856,1320,1328
3857,1324,1328
3858,1325,1328
3859,1326,1328
3860,1327,1328
3861,1321,1329
3862,1324,1329
3863,1325,1329
3864,1326,1329
3865,1327,1329
3866,1322,1330
3867,1324,1330
3868,1325,1330
3869,1326,1330
3870,1327,1330
3871,1323,1331
3872,1324,1331
3873,1325,1331
3874,1326,1331
3875,1327,1331
3876,1204,1332
3877,1205,1333
3878,1206,1334
3879,1207,1335
3880,1328,1336
3881,1332,1336
3882,1333,1336
3883,1334,1336
3884,1335,1336
3885,1329,1337
3886,1332,1337
3887,1333,1337
3888,1334,1337
3889,1335,1337
3890,1330,1338
3891,1332,1338
3892,1333,1338
3893,1334,1338
3894,1335,1338
3895,1331,1339
3896,1332,1339
3897,1333,1339
3898,1334,1339
3899,1335,1339
3900,1212,1340
3901,1213,1341
3902,1214,1342
3903,1215,1343
3904,1336,1344
3905,1340,1344
3906,1341,1344
3907,1342,1344
3908,1343,1344
3909,1337,1345
3910,1340,1345
3911,1341,1345
3912,1342,1345
3913,1343,1345
3914,1338,1346
3915,1340,1346
3916,1341,1346
3917,1342,1346
3918,1343,1346
3919,1339,1347
3920,1340,1347
3921,1341,1347
3922,1342,1347
3923,1343,1347
3924,1220,1348
3925,1221,1349
3926,1222,1350
3927,1223,1351
3928,1344,1352
3929,1348,1352
3930,1349,1352
3931,1350,1352
3932,1351,1352
3933,1345,1353
3934,1348,1353
3935,1349,1353
3936,1350,1353
3937,1351,1353
3938,1346,1354
3939,1348,1354
3940,1349,1354
3941,1350,1354
3942,1351,1354
3943,1347,1355
3944,1348,1355
3945,1349,1355
3946,1350,1355
3947,1351,1355
3948,1228,1356
3949,1229,1357
3950,1230,1358
3951,1231,1359
3952,1352,1360
3953,1356,1360
3954,1357,1360
3955,1358,1360
3956,1359,1360
3957,1353,1361
3958,1356,1361
3959,1357,1361
3960,1358,1361
3961,1359,1361
3962,1354,1362
3963,1356,1362
3964,1357,1362
3965,1358,1362
3966,1359,1362
3967,1355,1363
3968,1356,1363
3969,1357,1363
3970,1358,1363
3971,1359,1363
3972,1236,1364
3973,1237,1365
3974,1238,1366
3975,1239,1367
3976,1360,1368
3977,1364,1368
3978,1365,1368
3979,1366,1368
3980,1367,1368
3981,1361,1369
3982,1364,1369
3983,1365,1369
3984,1366,1369
3985,1367,1369
3986,1362,1370
3987,1364,1370
3988,1365,1370
3989,1366,1370
3990,1367,1370
3991,1363,1371
3992,1364,1371
3993,1365,1371
3994,1366,1371
3995,1367,1371
3996,1244,1372
3997,1245,1373
3998,1246,1374
3999,1247,1375
4000,1368,1376
4001,1372,1376
4002,1373,1376
4003,1374,1376
4004,1375,1376
4005,1369,1377
4006,1372,1377
4007,1373,1377
4008,1374,1377
4009,1375,1377
4010,1370,1378
4011,1372,1378
4012,1373,1378
4013,1374,1378
4014,1375,1378
4015,1371,1379
4016,1372,1379
4017,1373,1379
4018,1374,1379
4019,1375,1379
4020,1252,1380
4021,1253,1381
4022,1254,1382
4023,1255,1383
4024,1376,1384
4025,1380,1384
4026,1381,1384
4027,1382,1384
4028,1383,1384
4029,1377,1385
4030,1380,1385
4031,1381,1385
4032,1382,1385
4033,1383,1385
4034,1378,1386
4035,1380,1386
4036,1381,1386
4037,1382,1386
4038,1383,1386
4039,1379,1387
4040,1380,1387
4041,1381,1387
4042,1382,1387
4043,1383,1387
4044,1260,1388
4045,1261,1389
4046,1262,1390
4047,1263,1391
4048,1384,1392
4049,1388,1392
4050,1389,1392
4051,1390,1392
4052,1391,1392
4053,1385,1393
4054,1388,1393
4055,1389,1393
4056,1390,1393
4057,1391,1393
4058,1386,1394
4059,1388,1394
4060,1389,1394
4061,1390,1394
4062,1391,1394
4063,1387,1395
4064,1388,1395
4065,1389,1395
4066,1390,1395
4067,1391,1395
4068,1268,1396
4069,1269,1397
4070,1270,1398
4071,1271,1399
4072,1392,1400
4073,1396,1400
4074,1397,1400
4075,1398,1400
4076,1399,1400
4077,1393,1401
4078,1396,1401
4079,1397,1401
4080,1398,1401
4081,1399,1401
4082,1394,1402
4083,1396,1402
4084,1397,1402
4085,1398,1402
4086,1399,1402
4087,1395,1403
4088,1396,1403
4089,1397,1403
4090,1398,1403
4091,1399,1403
4092,1276,1404
4093,1277,1405
4094,1278,1406
4095,1279,1407
4096,1404,1408
4097,1405,1408
4098,1406,1408
4099,1407,1408
4100,1404,1409
4101,1405,1409
4102,1406,1409
4103,1407,1409
4104,1404,1410
4105,1405,1410
4106,1406,1410
4107,1407,1410
4108,1404,1411
4109,1405,1411
4110,1406,1411
4111,1407,1411
4112,1284,1412
4113,1285,1413
4114,1286,1414
4115,1287,1415
4116,1408,1416
4117,1412,1416
4118,1413,1416
4119,1414,1416
4120,1415,1416
4121,1409,1417
4122,1412,1417
4123,1413,1417
4124,1414,1417
4125,1415,1417
4126,1410,1418
4127,1412,1418
4128,1413,1418
4129,1414,1418
4130,1415,1418
4131,1411,1419
4132,1412,1419
4133,1413,1419
4134,1414,1419
4135,1415,1419
4136,1292,1420
4137,1293,1421
4138,1294,1422
4139,1295,1423
4140,1416,1424
4141,1420,1424
4142,1421,1424
4143,1422,1424
4144,1423,1424
4145,1417,1425
4146,1420,1425
4147,1421,1425
4148,1422,1425
4149,1423,1425
4150,1418,1426
4151,1420,1426
4152,1421,1426
4153,1422,1426
4154,1423,1426
4155,1419,1427
4156,1420,1427
4157,1421,1427
4158,1422,1427
4159,1423,1427
4160,1300,1428
4161,1301,1429
4162,1302,1430
4163,1303,1431
4164,1424,1432
4165,1428,1432
4166,1429,1432
4167,1430,1432
4168,1431,1432
4169,1425,1433
4170,1428,1433
4171,1429,1433
4172,1430,1433
4173,1431,1433
4174,1426,1434
4175,1428,1434
4176,1429,1434
4177,1430,1434
4178,1431,1434
4179,1427,1435
4180,1428,1435
4181,1429,1435
4182,1430,1435
4183,1431,1435
4184,1308,1436
4185,1309,1437
4186,1310,1438
4187,1311,1439
4188,1432,1440
4189,1436,1440
4190,1437,1440
4191,1438,1440
4192,1439,1440
4193,1433,1441
4194,1436,1441
4195,1437,1441
4196,1438,1441
4197,1439,1441
4198,1434,1442
4199,1436,1442
4200,1437,1442
4201,1438,1442
4202,1439,1442
4203,1435,1443
4204,1436,1443
4205,1437,1443
4206,1438,1443
4207,1439,1443
4208,1316,1444
4209,1317,1445
4210,1318,1446
4211,1319,1447
4212,1440,1448
4213,1444,1448
4214,1445,1448
4215,1446,1448
4216,1447,1448
4217,1441,1449
4218,1444,1449
4219,1445,1449
4220,1446,1449
4221,1447,1449
4222,1442,1450
4223,1444,1450
4224,1445,1450
4225,1446,1450
4226,1447,1450
4227,1443,1451
4228,1444,1451
4229,1445,1451
4230,1446,1451
4231,1447,1451
4232,1324,1452
4233,1325,1453
4234,1326,1454
4235,1327,1455
4236,1448,1456
4237,1452,1456
4238,1453,1456
4239,1454,1456
4240,1455,1456
4241,1449,1457
4242,1452,1457
4243,1453,1457
4244,1454,1457
4245,1455,1457
4246,1450,1458
4247,1452,1458
4248,1453,1458
4249,1454,1458
4250,1455,1458
4251,1451,1459
4252,1452,1459
4253,1453,1459
4254,1454,1459
4255,1455,1459
4256,1332,1460
4257,1333,1461
4258,1334,1462
4259,1335,1463
4260,1456,1464
4261,1460,1464
4262,1461,1464
4263,1462,1464
4264,1463,1464
4265,1457,1465
4266,1460,1465
4267,1461,1465
4268,1462,1465
4269,1463,1465
4270,1458,1466
4271,1460,1466
4272,1461,1466
4273,1462,1466
4274,1463,1466
4275,1459,1467
4276,1460,1467
4277,1461,1467
4278,1462,1467
4279,1463,1467
4280,1340,1468
4281,1341,1469
4282,1342,1470
4283,1343,1471
4284,1464,1472
4285,1468,1472
4286,1469,1472
4287,1470,1472
4288,1471,1472
4289,1465,1473
4290,1468,1473
4291,1469,1473
4292,1470,1473
4293,1471,1473
4294,1466,1474
4295,1468,1474
4296,1469,1474
4297,1470,1474
4298,1471,1474
4299,1467,1475
4300,1468,1475
4301,1469,1475
4302,1470,1475
4303,1471,1475
4304,1348,1476
4305,1349,1477
4306,1350,1478
4307,1351,1479
4308,1472,1480
4309,1476,1480
4310,1477,1480
4311,1478,1480
4312,1479,1480
4313,1473,1481
4314,1476,1481
4315,1477,1481
4316,1478,1481
4317,1479,1481
4318,1474,1482
4319,1476,1482
4320,1477,1482
4321,1478,1482
4322,1479,1482
4323,1475,1483
4324,1476,1483
4325,1477,1483
4326,1478,1483
4327,1479,1483
4328,1356,1484
4329,1357,1485
4330,1358,1486
4331,1359,1487
4332,1480,1488
4333,1484,1488
4334,1485,1488
4335,1486,1488
4336,1487,1488
4337,1481,1489
4338,1484,1489
4339,1485,1489
4340,1486,1489
4341,1487,1489
4342,1482,1490
4343,1484,1490
4344,1485,1490
4345,1486,1490
4346,1487,1490
4347,1483,1491
4348,1484,1491
4349,1485,1491
4350,1486,1491
4351,1487,1491
4352,1364,1492
4353,1365,1493
4354,1366,1494
4355,1367,1495
4356,1488,1496
4357,1492,1496
4358,1493,1496
4359,1494,1496
4360,1495,1496
4361,1489,1497
4362,1492,1497
4363,1493,1497
4364,1494,1497
4365,1495,1497
4366,1490,1498
4367,1492,1498
4368,1493,1498
4369,1494,1498
4370,1495,1498
4371,1491,1499
4372,1492,1499
4373,1493,1499
4374,1494,1499
4375,1495,1499
4376,1372,1500
4377,1373,1501
4378,1374,1502
4379,1375,1503
4380,1496,1504
4381,1500,1504
4382,1501,1504
4383,1502,1504
4384,1503,1504
4385,1497,1505
4386,1500,1505
4387,1501,1505
4388,1502,1505
4389,1503,1505
4390,1498,1506
4391,1500,1506
4392,1501,1506
4393,1502,1506
4394,1503,1506
4395,1499,1507
4396,1500,1507
4397,1501,1507
4398,1502,1507
4399,1503,1507
4400,1380,1508
4401,1381,1509
4402,1382,1510
4403,1383,1511
4404,1504,1512
4405,1508,1512
4406,1509,1512
4407,1510,1512
4408,1511,1512
4409,1505,1513
4410,1508,1513
4411,1509,1513
4412,1510,1513
4413,1511,1513
4414,1506,1514
4415,1508,1514
4416,1509,1514
4417,1510,1514
4418,1511,1514
4419,1507,1515
4420,1508,1515
4421,1509,1515
4422,1510,1515
4423,1511,1515
4424,1388,1516
4425,1389,1517
4426,1390,1518
4427,1391,1519
4428,1512,1520
4429,1516,1520
4430,1517,1520
4431,1518,1520
4432,1519,1520
4433,1513,1521
4434,1516,1521
4435,1517,1521
4436,1518,1521
4437,1519,1521
4438,1514,1522
4439,1516,1522
4440,1517,1522
4441,1518,1522
4442,1519,1522
4443,1515,1523
4444,1516,1523
4445,1517,1523
4446,1518,1523
4447,1519,1523
4448,1396,1524
4449,1397,1525
4450,1398,1526
4451,1399,1527
4452,1520,1528
4453,1524,1528
4454,1525,1528
4455,1526,1528
4456,1527,1528
4457,1521,1529
4458,1524,1529
4459,1525,1529
4460,1526,1529
4461,1527,1529
4462,1522,1530
4463,1524,1530
4464,1525,1530
4465,1526,1530
4466,1527,1530
4467,1523,1531
4468,1524,1531
4469,1525,1531
4470,1526,1531
4471,1527,1531
4472,1404,1532
4473,1405,1533
4474,1406,1534
4475,1407,1535
4476,1532,1536
4477,1533,1536
4478,1534,1536
4479,1535,1536
4480,1532,1537
4481,1533,1537
4482,1534,1537
4483,1535,1537
4484,1532,1538
4485,1533,1538
4486,1534,1538
4487,1535,1538
4488,1532,1539
4489,1533,1539
4490,1534,1539
4491,1535,1539
4492,1412,1540
4493,1413,1541
4494,1414,1542
4495,1415,1543
4496,1536,1544
4497,1540,1544
4498,1541,1544
4499,1542,1544
4500,1543,1544
4501,1537,1545
4502,1540,1545
4503,1541,1545
4504,1542,1545
4505,1543,1545
4506,1538,1546
4507,1540,1546
4508,1541,1546
4509,1542,1546
4510,1543,1546
4511,1539,1547
4512,1540,1547
4513,1541,1547
4514,1542,1547
4515,1543,1547
4516,1420,1548
4517,1421,1549
4518,1422,1550
4519,1423,1551
4520,1544,1552
4521,1548,1552
4522,1549,1552
4523,1550,1552
4524,1551,1552
4525,1545,1553
4526,1548,1553
4527,1549,1553
4528,1550,1553
4529,1551,1553
4530,1546,1554
4531,1548,1554
4532,1549,1554
4533,1550,1554
4534,1551,1554
4535,1547,1555
4536,1548,1555
4537,1549,1555
4538,1550,1555
4539,1551,1555
4540,1428,1556
4541,1429,1557
4542,1430,1558
4543,1431,1559
4544,1552,1560
4545,1556,1560
4546,1557,1560
4547,1558,1560
4548,1559,1560
4549,1553,1561
4550,1556,1561
4551,1557,1561
4552,1558,1561
4553,1559,1561
4554,1554,1562
4555,1556,1562
4556,1557,1562
4557,1558,1562
4558,1559,1562
4559,1555,1563
4560,1556,1563
4561,1557,1563
4562,1558,1563
4563,1559,1563
4564,1436,1564
4565,1437,1565
4566,1438,1566
4567,1439,1567
4568,1560,1568
4569,1564,1568
4570,1565,1568
4571,1566,1568
4572,1567,1568
4573,1561,1569
4574,1564,1569
4575,1565,1569
4576,1566,1569
4577,1567,1569
4578,1562,1570
4579,1564,1570
4580,1565,1570
4581,1566,1570
4582,1567,1570
4583,1563,1571
4584,1564,1571
4585,1565,1571
4586,1566,1571
4587,1567,1571
4588,1444,1572
4589,1445,1573
4590,1446,1574
4591,1447,1575
4592,1568,1576
4593,1572,1576
4594,1573,1576
4595,1574,1576
4596,1575,1576
4597,1569,1577
4598,1572,1577
4599,1573,1577
4600,1574,1577
4601,1575,1577
4602,1570,1578
4603,1572,1578
4604,1573,1578
4605,1574,1578
4606,1575,1578
4607,1571,1579
4608,1572,1579
4609,1573,1579
4610,1574,1579
4611,1575,1579
4612,1452,1580
4613,1453,1581
4614,1454,1582
4615,1455,1583
4616,1576,1584
4617,1580,1584
4618,1581,1584
4619,1582,1584
4620,1583,1584
4621,1577,1585
4622,1580,1585
4623,1581,1585
4624,1582,1585
4625,1583,1585
4626,1578,1586
4627,1580,1586
4628,1581,1586
4629,1582,1586
4630,1583,1586
4631,1579,1587
4632,1580,1587
4633,1581,1587
4634,1582,1587
4635,1583,1587
4636,1460,1588
4637,1461,1589
4638,1462,1590
4639,1463,1591
4640,1584,1592
4641,1588,1592
4642,1589,1592
4643,1590,1592
4644,1591,1592
4645,1585,1593
4646,1588,1593
4647,1589,1593
4648,1590,1593
4649,1591,1593
4650,1586,1594
4651,1588,1594
4652,1589,1594
4653,1590,1594
4654,1591,1594
4655,1587,1595
4656,1588,1595
4657,1589,1595
4658,1590,1595
4659,1591,1595
4660,1468,1596
4661,1469,1597
4662,1470,1598
4663,1471,1599
4664,1592,1600
4665,1596,1600
4666,1597,1600
4667,1598,1600
4668,1599,1600
4669,1593,1601
4670,1596,1601
4671,1597,1601
4672,1598,1601
4673,1599,1601
4674,1594,1602
4675,1596,1602
4676,1597,1602
4677,1598,1602
4678,1599,1602
4679,1595,1603
4680,1596,1603
4681,1597,1603
4682,1598,1603
4683,1599,1603
4684,1476,1604
4685,1477,1605
4686,1478,1606
4687,1479,1607
4688,1600,1608
4689,1604,1608
4690,1605,1608
4691,1606,1608
4692,1607,1608
4693,1601,1609
4694,1604,1609
4695,1605,1609
4696,1606,1609
4697,1607,1609
4698,1602,1610
4699,1604,1610
4700,1605,1610
4701,1606,1610
4702,1607,1610
4703,1603,1611
4704,1604,1611
4705,1605,1611
4706,1606,1611
4707,1607,1611
4708,1484,1612
4709,1485,1613
4710,1486,1614
4711,1487,1615
4712,1608,1616
4713,1612,1616
4714,1613,1616
4715,1614,1616
4716,1615,1616
4717,1609,1617
4718,1612,1617
4719,1613,1617
4720,1614,1617
4721,1615,1617
4722,1610,1618
4723,1612,1618
4724,1613,1618
4725,1614,1618
4726,1615,1618
4727,1611,1619
4728,1612,1619
4729,1613,1619
4730,1614,1619
4731,1615,1619
4732,1492,1620
4733,1493,1621
4734,1494,1622
4735,1495,1623
4736,1616,1624
4737,1620,1624
4738,1621,1624
4739,1622,1624
4740,1623,1624
4741,1617,1625
4742,1620,1625
4743,1621,1625
4744,1622,1625
4745,1623,1625
4746,1618,1626
4747,1620,1626
4748,1621,1626
4749,1622,1626
4750,1623,1626
4751,1619,1627
4752,1620,1627
4753,1621,1627
4754,1622,1627
4755,1623,1627
4756,1500,1628
4757,1501,1629
4758,1502,1630
4759,1503,1631
4760,1624,1632
4761,1628,1632
4762,1629,1632
4763,1630,1632
4764,1631,1632
4765,1625,1633
4766,1628,1633
4767,1629,1633
4768,1630,1633
4769,1631,1633
4770,1626,1634
4771,1628,1634
4772,1629,1634
4773,1630,1634
4774,1631,1634
4775,1627,1635
4776,1628,1635
4777,1629,1635
4778,1630,1635
4779,1631,1635
4780,1508,1636
4781,1509,1637
4782,1510,1638
4783,1511,1639
4784,1632,1640
4785,1636,1640
4786,1637,1640
4787,1638,1640
4788,1639,1640
4789,1633,1641
4790,1636,1641
4791,1637,1641
4792,1638,1641
4793,1639,1641
4794,1634,1642
4795,1636,1642
4796,1637,1642
4797,1638,1642
4798,1639,1642
4799,1635,1643
4800,1636,1643
4801,1637,1643
4802,1638,1643
4803,1639,1643
4804,1516,1644
4805,1517,1645
4806,1518,1646
4807,1519,1647
4808,1640,1648
4809,1644,1648
4810,1645,1648
4811,1646,1648
4812,1647,1648
4813,1641,1649
4814,1644,1649
4815,1645,1649
4816,1646,1649
4817,1647,1649
4818,1642,1650
4819,1644,1650
4820,1645,1650
4821,1646,1650
4822,1647,1650
4823,1643,1651
4824,1644,1651
4825,1645,1651
4826,1646,1651
4827,1647,1651
4828,1524,1652
4829,1525,1653
4830,1526,1654
4831,1527,1655
4832,1648,1656
4833,1652,1656
4834,1653,1656
4835,1654,1656
4836,1655,1656
4837,1649,1657
4838,1652,1657
4839,1653,1657
4840,1654,1657
4841,1655,1657
4842,1650,1658
4843,1652,1658
4844,1653,1658
4845,1654,1658
4846,1655,1658
4847,1651,1659
4848,1652,1659
4849,1653,1659
4850,1654,1659
4851,1655,1659
4852,1532,1660
4853,1533,1661
4854,1534,1662
4855,1535,1663
4856,1660,1664
4857,1661,1664
4858,1662,1664
4859,1663,1664
4860,1660,1665
4861,1661,1665
4862,1662,1665
4863,1663,1665
4864,1660,1666
4865,1661,1666
4866,1662,1666
4867,1663,1666
4868,1660,1667
4869,1661,1667
4870,1662,1667
4871,1663,1667
4872,1540,1668
4873,1541,1669
4874,1542,1670
4875,1543,1671
4876,1664,1672
4877,1668,1672
4878,1669,1672
4879,1670,1672
4880,1671,1672
4881,1665,1673
4882,1668,1673
4883,1669,1673
4884,1670,1673
4885,1671,1673
4886,1666,1674
4887,1668,1674
4888,1669,1674
4889,1670,1674
4890,1671,1674
4891,1667,1675
4892,1668,1675
4893,1669,1675
4894,1670,1675
4895,1671,1675
4896,1548,1676
4897,1549,1677
4898,1550,1678
4899,1551,1679
4900,1672,1680
4901,1676,1680
4902,1677,1680
4903,1678,1680
4904,1679,1680
4905,1673,1681
4906,1676,1681
4907,1677,1681
4908,1678,1681
4909,1679,1681
4910,1674,1682
4911,1676,1682
4912,1677,1682
4913,1678,1682
4914,1679,1682
4915,1675,1683
4916,1676,1683
4917,1677,1683
4918,1678,1683
4919,1679,1683
4920,1556,1684
4921,1557,1685
4922,1558,1686
4923,1559,1687
4924,1680,1688
4925,1684,1688
4926,1685,1688
4927,1686,1688
4928,1687,1688
4929,1681,1689
4930,1684,1689
4931,1685,1689
4932,1686,1689
4933,1687,1689
4934,1682,1690
4935,1684,1690
4936,1685,1690
4937,1686,1690
4938,1687,1690
4939,1683,1691
4940,1684,1691
4941,1685,1691
4942,1686,1691
4943,1687,1691
4944,1564,1692
4945,1565,1693
4946,1566,1694
4947,1567,1695
4948,1688,1696
4949,1692,1696
4950,1693,1696
4951,1694,1696
4952,1695,1696
4953,1689,1697
4954,1692,1697
4955,1693,1697
4956,1694,1697
4957,1695,1697
4958,1690,1698
4959,1692,1698
4960,1693,1698
4961,1694,1698
4962,1695,1698
4963,1691,1699
4964,1692,1699
4965,1693,1699
4966,1694,1699
4967,1695,1699
4968,1572,1700
4969,1573,1701
4970,1574,1702
4971,1575,1703
4972,1696,1704
4973,1700,1704
4974,1701,1704
4975,1702,1704
4976,1703,1704
4977,1697,1705
4978,1700,1705
4979,1701,1705
4980,1702,1705
4981,1703,1705
4982,1698,1706
4983,1700,1706
4984,1701,1706
4985,1702,1706
4986,1703,1706
4987,1699,1707
4988,1700,1707
4989,1701,1707
4990,1702,1707
4991,1703,1707
4992,1580,1708
4993,1581,1709
4994,1582,1710
4995,1583,1711
4996,1704,1712
4997,1708,1712
4998,1709,1712
4999,1710,1712
5000,1711,1712
5001,1705,1713
5002,1708,1713
5003,1709,1713
5004,1710,1713
5005,1711,1713
5006,1706,1714
5007,1708,1714
5008,1709,1714
5009,1710,1714
5010,1711,1714
5011,1707,1715
5012,1708,1715
5013,1709,1715
5014,1710,1715
5015,1711,1715
5016,1588,1716
5017,1589,1717
5018,1590,1718
5019,1712,1719
5020,1716,1719
5021,1717,1719
5022,1718,1719
5023,1713,1720
5024,1716,1720
5025,1717,1720
5026,1718,1720
5027,1714,1721
5028,1716,1721
5029,1717,1721
5030,1718,1721
5031,1715,1722
5032,1716,1722
5033,1717,1722
5034,1718,1722
5035,1596,1723
5036,1597,1724
5037,1598,1725
5038,1599,1726
5039,1719,1727
5040,1723,1727
5041,1724,1727
5042,1725,1727
5043,1726,1727
5044,1720,1728
5045,1723,1728
5046,1724,1728
5047,1725,1728
5048,1726,1728
5049,1721,1729
5050,1723,1729
5051,1724,1729
5052,1725,1729
5053,1726,1729
5054,1604,1730
5055,1605,1731
5056,1606,1732
5057,1607,1733
5058,1727,1734
5059,1730,1734
5060,1731,1734
5061,1732,1734
5062,1733,1734
5063,1728,1735
5064,1730,1735
5065,1731,1735
5066,1732,1735
5067,1733,1735
5068,1729,1736
5069,1730,1736
5070,1731,1736
5071,1732,1736
5072,1733,1736
5073,1730,1737
5074,1731,1737
5075,1732,1737
5076,1733,1737
5077,1612,1738
5078,1613,1739
5079,1614,1740
5080,1615,1741
5081,1734,1742
5082,1738,1742
5083,1739,1742
5084,1740,1742
5085,1741,1742
5086,1735,1743
5087,1738,1743
5088,1739,1743
5089,1740,1743
5090,1741,1743
5091,1736,1744
5092,1738,1744
5093,1739,1744
5094,1740,1744
5095,1741,1744
5096,1737,1745
5097,1738,1745
5098,1739,1745
5099,1740,1745
5100,1741,1745
5101,1620,1746
5102,1621,1747
5103,1622,1748
5104,1623,1749
5105,1742,1750
5106,1746,1750
5107,1747,1750
5108,1748,1750
5109,1749,1750
5110,1743,1751
5111,1746,1751
5112,1747,1751
5113,1748,1751
5114,1749,1751
5115,1744,1752
5116,1746,1752
5117,1747,1752
5118,1748,1752
5119,1749,1752
5120,1745,1753
5121,1746,1753
5122,1747,1753
5123,1748,1753
5124,1749,1753
5125,1628,1754
5126,1629,1755
5127,1630,1756
5128,1631,1757
5129,1750,1758
5130,1754,1758
5131,1755,1758
5132,1756,1758
5133,1757,1758
5134,1751,1759
5135,1754,1759
5136,1755,1759
5137,1756,1759
5138,1757,1759
5139,1752,1760
5140,1754,1760
5141,1755,1760
5142,1756,1760
5143,1757,1760
5144,1753,1761
5145,1754,1761
5146,1755,1761
5147,1756,1761
5148,1757,1761
5149,1636,1762
5150,1637,1763
5151,1638,1764
5152,1639,1765
5153,1758,1766
5154,1762,1766
5155,1763,1766
5156,1764,1766
5157,1765,1766
5158,1759,1767
5159,1762,1767
5160,1763,1767
5161,1764,1767
5162,1765,1767
5163,1760,1768
5164,1762,1768
5165,1763,1768
5166,1764,1768
5167,1765,1768
5168,1761,1769
5169,1762,1769
5170,1763,1769
5171,1764,1769
5172,1765,1769
5173,1644,1770
5174,1645,1771
5175,1646,1772
5176,1647,1773
5177,1766,1774
5178,1770,1774
5179,1771,1774
5180,1772,1774
5181,1773,1774
5182,1767,1775
5183,1770,1775
5184,1771,1775
5185,1772,1775
5186,1773,1775
5187,1768,1776
5188,1770,1776
5189,1771,1776
5190,1772,1776
5191,1773,1776
5192,1769,1777
5193,1770,1777
5194,1771,1777
5195,1772,1777
5196,1773,1777
5197,1652,1778
5198,1653,1779
5199,1654,1780
5200,1655,1781
5201,1774,1782
5202,1778,1782
5203,1779,1782
5204,1780,1782
5205,1781,1782
5206,1775,1783
5207,1778,1783
5208,1779,1783
5209,1780,1783
5210,1781,1783
5211,1776,1784
5212,1778,1784
5213,1779,1784
5214,1780,1784
5215,1781,1784
5216,1777,1785
5217,1778,1785
5218,1779,1785
5219,1780,1785
5220,1781,1785
5221,1660,1786
5222,1661,1787
5223,1662,1788
5224,1663,1789
5225,1786,1790
5226,1787,1790
5227,1788,1790
5228,1789,1790
5229,1786,1791
5230,1787,1791
5231,1788,1791
5232,1789,1791
5233,1786,1792
5234,1787,1792
5235,1788,1792
5236,1789,1792
5237,1786,1793
5238,1787,1793
5239,1788,1793
5240,1789,1793
5241,1668,1794
5242,1669,1795
5243,1670,1796
5244,1671,1797
5245,1791,1798
5246,1794,1798
5247,1795,1798
5248,1796,1798
5249,1797,1798
5250,1792,1799
5251,1794,1799
5252,1795,1799
5253,1796,1799
5254,1797,1799
5255,1793,1800
5256,1794,1800
5257,1795,1800
5258,1796,1800
5259,1797,1800
5260,1676,1801
5261,1677,1802
5262,1678,1803
5263,1679,1804
5264,1801,1805
5265,1802,1805
5266,1803,1805
5267,1804,1805
5268,1798,1806
5269,1801,1806
5270,1802,1806
5271,1803,1806
5272,1804,1806
5273,1799,1807
5274,1801,1807
5275,1802,1807
5276,1803,1807
5277,1804,1807
5278,1800,1808
5279,1801,1808
5280,1802,1808
5281,1803,1808
5282,1804,1808
5283,1684,1809
5284,1685,1810
5285,1686,1811
5286,1687,1812
5287,1805,1813
5288,1809,1813
5289,1810,1813
5290,1811,1813
5291,1812,1813
5292,1806,1814
5293,1809,1814
5294,1810,1814
5295,1811,1814
5296,1812,1814
5297,1807,1815
5298,1809,1815
5299,1810,1815
5300,1811,1815
5301,1812,1815
5302,1808,1816
5303,1809,1816
5304,1810,1816
5305,1811,1816
5306,1812,1816
5307,1692,1817
5308,1693,1818
5309,1694,1819
5310,1695,1820
5311,1813,1821
5312,1817,1821
5313,1818,1821
5314,1819,1821
5315,1820,1821
5316,1814,1822
5317,1817,1822
5318,1818,1822
5319,1819,1822
5320,1820,1822
5321,1815,1823
5322,1817,1823
5323,1818,1823
5324,1819,1823
5325,1820,1823
5326,1816,1824
5327,1817,1824
5328,1818,1824
5329,1819,1824
5330,1820,1824
5331,1700,1825
5332,1701,1826
5333,1702,1827
5334,1703,1828
5335,1821,1829
5336,1825,1829
5337,1826,1829
5338,1827,1829
5339,1828,1829
5340,1822,1830
5341,1825,1830
5342,1826,1830
5343,1827,1830
5344,1828,1830
5345,1823,1831
5346,1825,1831
5347,1826,1831
5348,1827,1831
5349,1828,1831
5350,1824,1832
5351,1825,1832
5352,1826,1832
5353,1827,1832
5354,1828,1832
5355,1708,1833
5356,1709,1834
5357,1710,1835
5358,1711,1836
5359,1829,1837
5360,1833,1837
5361,1834,1837
5362,1835,1837
5363,1836,1837
5364,1830,1838
5365,1833,1838
5366,1834,1838
5367,1835,1838
5368,1836,1838
5369,1831,1839
5370,1833,1839
5371,1834,1839
5372,1835,1839
5373,1836,1839
5374,1832,1840
5375,1833,1840
5376,1834,1840
5377,1835,1840
5378,1836,1840
5379,1716,1841
5380,1717,1842
5381,1718,1843
5382,1837,1845
5383,1841,1845
5384,1842,1845
5385,1843,1845
5386,1844,1845
5387,1838,1846
5388,1841,1846
5389,1842,1846
5390,1843,1846
5391,1844,1846
5392,1839,1847
5393,1841,1847
5394,1842,1847
5395,1843,1847
5396,1844,1847
5397,1840,1848
5398,1841,1848
5399,1842,1848
5400,1843,1848
5401,1844,1848
5402,1723,1849
5403,1724,1850
5404,1725,1851
5405,1726,1852
5406,1845,1853
5407,1849,1853
5408,1850,1853
5409,1851,1853
5410,1852,1853
5411,1846,1854
5412,1849,1854
5413,1850,1854
5414,1851,1854
5415,1852,1854
5416,1847,1855
5417,1849,1855
5418,1850,1855
5419,1851,1855
5420,1852,1855
5421,1848,1856
5422,1849,1856
5423,1850,1856
5424,1851,1856
5425,1852,1856
5426,1730,1857
5427,1731,1858
5428,1732,1859
5429,1733,1860
5430,1853,1861
5431,1857,1861
5432,1858,1861
5433,1859,1861
5434,1860,1861
5435,1854,1862
5436,1857,1862
5437,1858,1862
5438,1859,1862
5439,1860,1862
5440,1855,1863
5441,1857,1863
5442,1858,1863
5443,1859,1863
5444,1860,1863
5445,1856,1864
5446,1857,1864
5447,1858,1864
5448,1859,1864
5449,1860,1864
5450,1738,1865
5451,1739,1866
5452,1740,1867
5453,1741,1868
5454,1861,1869
5455,1865,1869
5456,1866,1869
5457,1867,1869
5458,1868,1869
5459,1862,1870
5460,1865,1870
5461,1866,1870
5462,1867,1870
5463,1868,1870
5464,1863,1871
5465,1865,1871
5466,1866,1871
5467,1867,1871
5468,1868,1871
5469,1864,1872
5470,1865,1872
5471,1866,1872
5472,1867,1872
5473,1868,1872
5474,1746,1873
5475,1747,1874
5476,1748,1875
5477,1749,1876
5478,1869,1877
5479,1873,1877
5480,1874,1877
5481,1875,1877
5482,1876,1877
5483,1870,1878
5484,1873,1878
5485,1874,1878
5486,1875,1878
5487,1876,1878
5488,1871,1879
5489,1873,1879
5490,1874,1879
5491,1875,1879
5492,1876,1879
5493,1872,1880
5494,1873,1880
5495,1874,1880
5496,1875,1880
5497,1876,1880
5498,1754,1881
5499,1755,1882
5500,1756,1883
5501,1757,1884
5502,1877,1885
5503,1881,1885
5504,1882,1885
5505,1883,1885
5506,1884,1885
5507,1878,1886
5508,1881,1886
5509,1882,1886
5510,1883,1886
5511,1884,1886
5512,1879,1887
5513,1881,1887
5514,1882,1887
5515,1883,1887
5516,1884,1887
5517,1880,1888
5518,1881,1888
5519,1882,1888
5520,1883,1888
5521,1884,1888
5522,1762,1889
5523,1763,1890
5524,1764,1891
5525,1765,1892
5526,1885,1893
5527,1889,1893
5528,1890,1893
5529,1891,1893
5530,1892,1893
5531,1886,1894
5532,1889,1894
5533,1890,1894
5534,1891,1894
5535,1892,1894
5536,1887,1895
5537,1889,1895
5538,1890,1895
5539,1891,1895
5540,1892,1895
5541,1888,1896
5542,1889,1896
5543,1890,1896
5544,1891,1896
5545,1892,1896
5546,1770,1897
5547,1771,1898
5548,1772,1899
5549,1773,1900
5550,1893,1901
5551,1897,1901
5552,1898,1901
5553,1899,1901
5554,1900,1901
5555,1894,1902
5556,1897,1902
5557,1898,1902
5558,1899,1902
5559,1900,1902
5560,1895,1903
5561,1897,1903
5562,1898,1903
5563,1899,1903
5564,1900,1903
5565,1896,1904
5566,1897,1904
5567,1898,1904
5568,1899,1904
5569,1900,1904
5570,1778,1905
5571,1779,1906
5572,1780,1907
5573,1781,1908
5574,1901,1909
5575,1905,1909
5576,1906,1909
5577,1907,1909
5578,1908,1909
5579,1902,1910
5580,1905,1910
5581,1906,1910
5582,1907,1910
5583,1908,1910
5584,1903,1911
5585,1905,1911
5586,1906,1911
5587,1907,1911
5588,1908,1911
5589,1904,1912
5590,1905,1912
5591,1906,1912
5592,1907,1912
5593,1908,1912
5594,1786,1913
5595,1787,1914
5596,1788,1915
5597,1789,1916
5598,1913,1917
5599,1914,1917
5600,1915,1917
5601,1916,1917
5602,1913,1918
5603,1914,1918
5604,1915,1918
5605,1916,1918
5606,1913,1919
5607,1914,1919
5608,1915,1919
5609,1916,1919
5610,1913,1920
5611,1914,1920
5612,1915,1920
5613,1916,1920
5614,1794,1921
5615,1795,1922
5616,1796,1923
5617,1797,1924
5618,1917,1925
5619,1921,1925
5620,1922,1925
5621,1923,1925
5622,1924,1925
5623,1918,1926
5624,1921,1926
5625,1922,1926
5626,1923,1926
5627,1924,1926
5628,1919,1927
5629,1921,1927
5630,1922,1927
5631,1923,1927
5632,1924,1927
5633,1920,1928
5634,1921,1928
5635,1922,1928
5636,1923,1928
5637,1924,1928
5638,1801,1929
5639,1802,1930
5640,1803,1931
5641,1804,1932
5642,1925,1933
5643,1929,1933
5644,1930,1933
5645,1931,1933
5646,1932,1933
5647,1926,1934
5648,1929,1934
5649,1930,1934
5650,1931,1934
5651,1932,1934
5652,1927,1935
5653,1929,1935
5654,1930,1935
5655,1931,1935
5656,1932,1935
5657,1928,1936
5658,1929,1936
5659,1930,1936
5660,1931,1936
5661,1932,1936
5662,1809,1937
5663,1810,1938
5664,1811,1939
5665,1812,1940
5666,1933,1941
5667,1937,1941
5668,1938,1941
5669,1939,1941
5670,1940,1941
5671,1934,1942
5672,1937,1942
5673,1938,1942
5674,1939,1942
5675,1940,1942
5676,1935,1943
5677,1937,1943
5678,1938,1943
5679,1939,1943
5680,1940,1943
5681,1936,1944
5682,1937,1944
5683,1938,1944
5684,1939,1944
5685,1940,1944
5686,1817,1945
5687,1818,1946
5688,1819,1947
5689,1820,1948
5690,1941,1949
5691,1945,1949
5692,1946,1949
5693,1947,1949
5694,1948,1949
5695,1942,1950
5696,1945,1950
5697,1946,1950
5698,1947,1950
5699,1948,1950
5700,1943,1951
5701,1945,1951
5702,1946,1951
5703,1947,1951
5704,1948,1951
5705,1944,1952
5706,1945,1952
5707,1946,1952
5708,1947,1952
5709,1948,1952
5710,1825,1953
5711,1826,1954
5712,1827,1955
5713,1828,1956
5714,1949,1957
5715,1953,1957
5716,1954,1957
5717,1955,1957
5718,1956,1957
5719,1950,1958
5720,1953,1958
5721,1954,1958
5722,1955,1958
5723,1956,1958
5724,1951,1959
5725,1953,1959
5726,1954,1959
5727,1955,1959
5728,1956,1959
5729,1952,1960
5730,1953,1960
5731,1954,1960
5732,1955,1960
5733,1956,1960
5734,1833,1961
5735,1834,1962
5736,1835,1963
5737,1836,1964
5738,1957,1965
5739,1961,1965
5740,1962,1965
5741,1963,1965
5742,1964,1965
5743,1958,1966
5744,1961,1966
5745,1962,1966
5746,1963,1966
5747,1964,1966
5748,1959,1967
5749,1961,1967
5750,1962,1967
5751,1963,1967
5752,1964,1967
5753,1960,1968
5754,1961,1968
5755,1962,1968
5756,1963,1968
5757,1964,1968
5758,1841,1969
5759,1842,1970
5760,1843,1971
5761,1844,1972
5762,1965,1973
5763,1969,1973
5764,1970,1973
5765,1971,1973
5766,1972,1973
5767,1966,1974
5768,1969,1974
5769,1970,1974
5770,1971,1974
5771,1972,1974
5772,1967,1975
5773,1969,1975
5774,1970,1975
5775,1971,1975
5776,1972,1975
5777,1968,1976
5778,1969,1976
5779,1970,1976
5780,1971,1976
5781,1972,1976
5782,1849,1977
5783,1850,1978
5784,1851,1979
5785,1852,1980
5786,1973,1981
5787,1977,1981
5788,1978,1981
5789,1979,1981
5790,1980,1981
5791,1974,1982
5792,1977,1982
5793,1978,1982
5794,1979,1982
5795,1980,1982
5796,1975,1983
5797,1977,1983
5798,1978,1983
5799,1979,1983
5800,1980,1983
5801,1976,1984
5802,1977,1984
5803,1978,1984
5804,1979,1984
5805,1980,1984
5806,1857,1985
5807,1858,1986
5808,1859,1987
5809,1860,1988
5810,1981,1989
5811,1985,1989
5812,1986,1989
5813,1987,1989
5814,1988,1989
5815,1982,1990
5816,1985,1990
5817,1986,1990
5818,1987,1990
5819,1988,1990
5820,1983,1991
5821,1985,1991
5822,1986,1991
5823,1987,1991
5824,1988,1991
5825,1984,1992
5826,1985,1992
5827,1986,1992
5828,1987,1992
5829,1988,1992
5830,1865,1993
5831,1866,1994
5832,1867,1995
5833,1868,1996
5834,1989,1997
5835,1993,1997
5836,1994,1997
5837,1995,1997
5838,1996,1997
5839,1990,1998
5840,1993,1998
5841,1994,1998
5842,1995,1998
5843,1996,1998
5844,1991,1999
5845,1993,1999
5846,1994,1999
5847,1995,1999
5848,1996,1999
5849,1992,2000
5850,1993,2000
5851,1994,2000
5852,1995,2000
5853,1996,2000
5854,1873,2001
5855,1874,2002
5856,1875,2003
5857,1876,2004
5858,1997,2005
5859,2001,2005
5860,2002,2005
5861,2003,2005
5862,2004,2005
5863,1998,2006
5864,2001,2006
5865,2002,2006
5866,2003,2006
5867,2004,2006
5868,1999,2007
5869,2001,2007
5870,2002,2007
5871,2003,2007
5872,2004,2007
5873,2000,2008
5874,2001,2008
5875,2002,2008
5876,2003,2008
5877,2004,2008
5878,1881,2009
5879,1882,2010
5880,1883,2011
5881,1884,2012
5882,2005,2013
5883,2009,2013
5884,2010,2013
5885,2011,2013
5886,2012,2013
5887,2006,2014
5888,2009,2014
5889,2010,2014
5890,2011,2014
5891,2012,2014
5892,2007,2015
5893,2009,2015
5894,2010,2015
5895,2011,2015
5896,2012,2015
5897,2008,2016
5898,2009,2016
5899,2010,2016
5900,2011,2016
5901,2012,2016
5902,1889,2017
5903,1890,2018
5904,1891,2019
5905,1892,2020
5906,2013,2021
5907,2017,2021
5908,2018,2021
5909,2019,2021
5910,2020,2021
5911,2014,2022
5912,2017,2022
5913,2018,2022
5914,2019,2022
5915,2020,2022
5916,2015,2023
5917,2017,2023
5918,2018,2023
5919,2019,2023
5920,2020,2023
5921,2016,2024
5922,2017,2024
5923,2018,2024
5924,2019,2024
5925,2020,2024
5926,1897,2025
5927,1898,2026
5928,1899,2027
5929,1900,2028
5930,2021,2029
5931,2025,2029
5932,2026,2029
5933,2027,2029
5934,2028,2029
5935,2022,2030
5936,2025,2030
5937,2026,2030
5938,2027,2030
5939,2028,2030
5940,2023,2031
5941,2025,2031
5942,2026,2031
5943,2027,2031
5944,2028,2031
5945,2024,2032
5946,2025,2032
5947,2026,2032
5948,2027,2032
5949,2028,2032
5950,1905,2033
5951,1906,2034
5952,1907,2035
5953,1908,2036
5954,2029,2037
5955,2033,2037
5956,2034,2037
5957,2035,2037
5958,2036,2037
5959,2030,2038
5960,2033,2038
5961,2034,2038
5962,2035,2038
5963,2036,2038
5964,2031,2039
5965,2033,2039
5966,2034,2039
5967,2035,2039
5968,2036,2039
5969,2032,2040
5970,2033,2040
5971,2034,2040
5972,2035,2040
5973,2036,2040
